task,method,metric,level,mean,std,mean_difference,std_difference,paired_t_p,paired_t_p_holm,wilcoxon_p,zone
classification,SGD,brier,,0.119949,0.00248761,,,,,,
classification,SGD,ece,,0.0393069,0.00421349,,,,,,
classification,PH-SGD,brier,,0.12421,0.00880398,,,,,,
classification,PH-SGD,ece,,0.0384944,0.00381636,,,,,,
classification,Window-SGD,brier,,0.138397,0.00220382,,,,,,
classification,Window-SGD,ece,,0.100712,0.00484851,,,,,,
classification,PF,brier,,0.118055,0.00110425,,,,,,
classification,PF,ece,,0.0375619,0.005645,,,,,,
classification,WSPF-A,brier,,0.134587,0.00616884,,,,,,
classification,WSPF-A,ece,,0.0582521,0.00753204,,,,,,
classification,WSPF-B,brier,,0.106654,0.00278244,,,,,,
classification,WSPF-B,ece,,0.0327132,0.00569338,,,,,,
classification,SGD,ece_diff_vs_PF,,,,0.00174508,0.00816196,0.53724,,,
classification,SGD,brier_diff_vs_PF,,,,0.00189387,0.00282263,0.0749793,,,
classification,PH-SGD,ece_diff_vs_PF,,,,0.000932552,0.00801515,0.735082,,,
classification,PH-SGD,brier_diff_vs_PF,,,,0.00615445,0.00867654,0.0622274,,,
classification,Window-SGD,ece_diff_vs_PF,,,,0.0631506,0.00688157,5.34066e-10,,,
classification,Window-SGD,brier_diff_vs_PF,,,,0.0203417,0.00195872,1.77269e-10,,,
classification,WSPF-A,ece_diff_vs_PF,,,,0.0206902,0.0100404,0.000162321,,,
classification,WSPF-A,brier_diff_vs_PF,,,,0.0165313,0.0064343,2.97628e-05,,,
classification,WSPF-B,ece_diff_vs_PF,,,,-0.00484866,0.00824703,0.111595,,,
classification,WSPF-B,brier_diff_vs_PF,,,,-0.0114011,0.00362704,5.81859e-06,,,
classification,SGD,recovery_acc,lag_0,0.154167,0.0190941,,,,,,
classification,SGD,recovery_acc,lag_1,0.466667,0.035109,,,,,,
classification,SGD,recovery_acc,lag_2,0.73125,0.0217506,,,,,,
classification,SGD,recovery_acc,lag_3,0.93125,0.0247382,,,,,,
classification,SGD,recovery_acc,lag_4,0.852083,0.00625,,,,,,
classification,SGD,recovery_acc,lag_5,0.875,0.0131762,,,,,,
classification,SGD,recovery_acc,lag_6,0.895833,0.00931695,,,,,,
classification,SGD,recovery_acc,lag_7,0.9125,0.00833333,,,,,,
classification,SGD,recovery_acc,lag_8,0.9375,0.0186339,,,,,,
classification,SGD,recovery_acc,lag_9,0.85625,0.0196541,,,,,,
classification,PH-SGD,recovery_acc,lag_0,0.154167,0.0190941,,,,,,
classification,PH-SGD,recovery_acc,lag_1,0.466667,0.035109,,,,,,
classification,PH-SGD,recovery_acc,lag_2,0.71875,0.043948,,,,,,
classification,PH-SGD,recovery_acc,lag_3,0.904167,0.0568258,,,,,,
classification,PH-SGD,recovery_acc,lag_4,0.845833,0.0190941,,,,,,
classification,PH-SGD,recovery_acc,lag_5,0.860417,0.032342,,,,,,
classification,PH-SGD,recovery_acc,lag_6,0.879167,0.0393083,,,,,,
classification,PH-SGD,recovery_acc,lag_7,0.90625,0.0167964,,,,,,
classification,PH-SGD,recovery_acc,lag_8,0.9375,0.0131762,,,,,,
classification,PH-SGD,recovery_acc,lag_9,0.847917,0.0295363,,,,,,
classification,Window-SGD,recovery_acc,lag_0,0.225,0.0370341,,,,,,
classification,Window-SGD,recovery_acc,lag_1,0.389583,0.01875,,,,,,
classification,Window-SGD,recovery_acc,lag_2,0.79375,0.0236621,,,,,,
classification,Window-SGD,recovery_acc,lag_3,0.86875,0.0133398,,,,,,
classification,Window-SGD,recovery_acc,lag_4,0.897917,0.0145833,,,,,,
classification,Window-SGD,recovery_acc,lag_5,0.879167,0.0155902,,,,,,
classification,Window-SGD,recovery_acc,lag_6,0.879167,0.0125,,,,,,
classification,Window-SGD,recovery_acc,lag_7,0.922917,0.0133398,,,,,,
classification,Window-SGD,recovery_acc,lag_8,0.904167,0.0138193,,,,,,
classification,Window-SGD,recovery_acc,lag_9,0.879167,0.0155902,,,,,,
classification,PF,recovery_acc,lag_0,0.164583,0.0173055,,,,,,
classification,PF,recovery_acc,lag_1,0.472917,0.0209372,,,,,,
classification,PF,recovery_acc,lag_2,0.764583,0.01875,,,,,,
classification,PF,recovery_acc,lag_3,0.939583,0.0217506,,,,,,
classification,PF,recovery_acc,lag_4,0.854167,1.11022e-16,,,,,,
classification,PF,recovery_acc,lag_5,0.88125,0.00954703,,,,,,
classification,PF,recovery_acc,lag_6,0.897917,0.00625,,,,,,
classification,PF,recovery_acc,lag_7,0.916667,0,,,,,,
classification,PF,recovery_acc,lag_8,0.941667,0.0155902,,,,,,
classification,PF,recovery_acc,lag_9,0.858333,0.0224382,,,,,,
classification,WSPF-A,recovery_acc,lag_0,0.235417,0.0502165,,,,,,
classification,WSPF-A,recovery_acc,lag_1,0.48125,0.0410898,,,,,,
classification,WSPF-A,recovery_acc,lag_2,0.758333,0.0605243,,,,,,
classification,WSPF-A,recovery_acc,lag_3,0.877083,0.044145,,,,,,
classification,WSPF-A,recovery_acc,lag_4,0.8625,0.0212459,,,,,,
classification,WSPF-A,recovery_acc,lag_5,0.85,0.0291667,,,,,,
classification,WSPF-A,recovery_acc,lag_6,0.88125,0.0209372,,,,,,
classification,WSPF-A,recovery_acc,lag_7,0.891667,0.0320048,,,,,,
classification,WSPF-A,recovery_acc,lag_8,0.889583,0.030971,,,,,,
classification,WSPF-A,recovery_acc,lag_9,0.854167,0.0161374,,,,,,
classification,WSPF-B,recovery_acc,lag_0,0.379167,0.045453,,,,,,
classification,WSPF-B,recovery_acc,lag_1,0.7625,0.0408248,,,,,,
classification,WSPF-B,recovery_acc,lag_2,0.785417,0.01875,,,,,,
classification,WSPF-B,recovery_acc,lag_3,0.920833,0.0224382,,,,,,
classification,WSPF-B,recovery_acc,lag_4,0.860417,0.0133398,,,,,,
classification,WSPF-B,recovery_acc,lag_5,0.88125,0.00954703,,,,,,
classification,WSPF-B,recovery_acc,lag_6,0.891667,0.00833333,,,,,,
classification,WSPF-B,recovery_acc,lag_7,0.927083,0.0104167,,,,,,
classification,WSPF-B,recovery_acc,lag_8,0.939583,0.0236621,,,,,,
classification,WSPF-B,recovery_acc,lag_9,0.84375,0.0213478,,,,,,
classification,SGD,recovery_acc_area_diff_vs_PF,,,,-0.00791667,0.00821795,0.0178838,,0.0284018,
classification,PH-SGD,recovery_acc_area_diff_vs_PF,,,,-0.0170833,0.0220243,0.0449692,,0.0284018,
classification,Window-SGD,recovery_acc_area_diff_vs_PF,,,,-0.00520833,0.00717163,0.0572935,,0.0500056,
classification,WSPF-A,recovery_acc_area_diff_vs_PF,,,,-0.0110417,0.0182586,0.103045,,0.085831,
classification,WSPF-B,recovery_acc_area_diff_vs_PF,,,,0.05,0.011562,3.95161e-07,,0.00195312,
classification,SGD,recovery_f1,lag_0,0.0436111,0.00127294,,,,,,
classification,SGD,recovery_f1,lag_1,0.502636,0.0522212,,,,,,
classification,SGD,recovery_f1,lag_2,0.717106,0.0180198,,,,,,
classification,SGD,recovery_f1,lag_3,0.917906,0.026608,,,,,,
classification,SGD,recovery_f1,lag_4,0.814949,0.0109091,,,,,,
classification,SGD,recovery_f1,lag_5,0.837028,0.018402,,,,,,
classification,SGD,recovery_f1,lag_6,0.846264,0.0224708,,,,,,
classification,SGD,recovery_f1,lag_7,0.876931,0.00698413,,,,,,
classification,SGD,recovery_f1,lag_8,0.940587,0.0147058,,,,,,
classification,SGD,recovery_f1,lag_9,0.830655,0.028179,,,,,,
classification,PH-SGD,recovery_f1,lag_0,0.0436111,0.00127294,,,,,,
classification,PH-SGD,recovery_f1,lag_1,0.502636,0.0522212,,,,,,
classification,PH-SGD,recovery_f1,lag_2,0.711392,0.0255113,,,,,,
classification,PH-SGD,recovery_f1,lag_3,0.882375,0.066426,,,,,,
classification,PH-SGD,recovery_f1,lag_4,0.797886,0.0416358,,,,,,
classification,PH-SGD,recovery_f1,lag_5,0.787028,0.102771,,,,,,
classification,PH-SGD,recovery_f1,lag_6,0.803773,0.099965,,,,,,
classification,PH-SGD,recovery_f1,lag_7,0.86172,0.034741,,,,,,
classification,PH-SGD,recovery_f1,lag_8,0.940587,0.00935067,,,,,,
classification,PH-SGD,recovery_f1,lag_9,0.818534,0.0436469,,,,,,
classification,Window-SGD,recovery_f1,lag_0,0.142661,0.0386511,,,,,,
classification,Window-SGD,recovery_f1,lag_1,0.389346,0.0250656,,,,,,
classification,Window-SGD,recovery_f1,lag_2,0.751352,0.0253781,,,,,,
classification,Window-SGD,recovery_f1,lag_3,0.839741,0.0165061,,,,,,
classification,Window-SGD,recovery_f1,lag_4,0.870327,0.0278493,,,,,,
classification,Window-SGD,recovery_f1,lag_5,0.830899,0.0262971,,,,,,
classification,Window-SGD,recovery_f1,lag_6,0.825846,0.0167713,,,,,,
classification,Window-SGD,recovery_f1,lag_7,0.901681,0.0181862,,,,,,
classification,Window-SGD,recovery_f1,lag_8,0.90399,0.0124017,,,,,,
classification,Window-SGD,recovery_f1,lag_9,0.846202,0.0233501,,,,,,
classification,PF,recovery_f1,lag_0,0.0427778,0.00136083,,,,,,
classification,PF,recovery_f1,lag_1,0.532047,0.0321414,,,,,,
classification,PF,recovery_f1,lag_2,0.746115,0.0162934,,,,,,
classification,PF,recovery_f1,lag_3,0.925572,0.0223134,,,,,,
classification,PF,recovery_f1,lag_4,0.818586,2.22045e-16,,,,,,
classification,PF,recovery_f1,lag_5,0.847466,0.0117688,,,,,,
classification,PF,recovery_f1,lag_6,0.851819,0.0133333,,,,,,
classification,PF,recovery_f1,lag_7,0.880423,1.11022e-16,,,,,,
classification,PF,recovery_f1,lag_8,0.938592,0.0151669,,,,,,
classification,PF,recovery_f1,lag_9,0.826432,0.0196145,,,,,,
classification,WSPF-A,recovery_f1,lag_0,0.124797,0.0718848,,,,,,
classification,WSPF-A,recovery_f1,lag_1,0.511859,0.0427368,,,,,,
classification,WSPF-A,recovery_f1,lag_2,0.724384,0.0786776,,,,,,
classification,WSPF-A,recovery_f1,lag_3,0.818629,0.0634894,,,,,,
classification,WSPF-A,recovery_f1,lag_4,0.843784,0.0368704,,,,,,
classification,WSPF-A,recovery_f1,lag_5,0.802628,0.053273,,,,,,
classification,WSPF-A,recovery_f1,lag_6,0.840373,0.0314173,,,,,,
classification,WSPF-A,recovery_f1,lag_7,0.849038,0.0543957,,,,,,
classification,WSPF-A,recovery_f1,lag_8,0.882281,0.048533,,,,,,
classification,WSPF-A,recovery_f1,lag_9,0.80689,0.0314436,,,,,,
classification,WSPF-B,recovery_f1,lag_0,0.278995,0.0725225,,,,,,
classification,WSPF-B,recovery_f1,lag_1,0.783844,0.0242269,,,,,,
classification,WSPF-B,recovery_f1,lag_2,0.761217,0.0165415,,,,,,
classification,WSPF-B,recovery_f1,lag_3,0.891301,0.0294735,,,,,,
classification,WSPF-B,recovery_f1,lag_4,0.832727,0.026877,,,,,,
classification,WSPF-B,recovery_f1,lag_5,0.849025,0.00982619,,,,,,
classification,WSPF-B,recovery_f1,lag_6,0.844489,0.00577201,,,,,,
classification,WSPF-B,recovery_f1,lag_7,0.88836,0.00793651,,,,,,
classification,WSPF-B,recovery_f1,lag_8,0.935562,0.0266168,,,,,,
classification,WSPF-B,recovery_f1,lag_9,0.811502,0.0273889,,,,,,
classification,SGD,recovery_f1_area_diff_vs_PF,,,,-0.00821549,0.0101088,0.0374795,,0.0371094,
classification,PH-SGD,recovery_f1_area_diff_vs_PF,,,,-0.0260287,0.0399519,0.0823682,,0.0273438,
classification,Window-SGD,recovery_f1_area_diff_vs_PF,,,,-0.0107785,0.0074467,0.00187129,,0.00195312,
classification,WSPF-A,recovery_f1_area_diff_vs_PF,,,,-0.0205166,0.0235776,0.0282466,,0.0195312,
classification,WSPF-B,recovery_f1_area_diff_vs_PF,,,,0.0467193,0.0142435,4.09122e-06,,0.00195312,
