benchmark,method,seed,param_dim,n_particles,n_steps,rho_mean,ll_std,sd_logR_theory,sd_logR_measured,R_diag,R_diag_measured,required_N,rho_max_supported,satisfies_condition
insects,WSPF-A,0,1286,100,2045,0.911364,0.0096873,23.1099,37.4811,2385.58,3869.1,9.35209e+115,0.119683,False
insects,WSPF-A,1,1286,100,2045,0.9102,0.0094753,23.0803,36.2588,2435.84,3826.67,4.72927e+115,0.119683,False
insects,WSPF-A,2,1286,100,2045,0.908691,0.00959035,23.0421,36.1678,2402.63,3771.27,1.95664e+115,0.119683,False
insects,WSPF-A,3,1286,100,2045,0.910031,0.00963596,23.0761,36.6604,2394.79,3804.54,4.2849e+115,0.119683,False
insects,WSPF-A,4,1286,100,2045,0.909741,0.00946816,23.0687,36.0737,2436.45,3810,3.61541e+115,0.119683,False
insects,WSPF-A,5,1286,100,2045,0.910565,0.00964314,23.0896,36.3518,2394.41,3769.7,5.85662e+115,0.119683,False
insects,WSPF-A,6,1286,100,2045,0.910167,0.00958641,23.0795,36.529,2407.53,3810.5,4.64077e+115,0.119683,False
insects,WSPF-A,7,1286,100,2045,0.910208,0.00959556,23.0806,36.4939,2405.34,3803.21,4.75277e+115,0.119683,False
insects,WSPF-A,8,1286,100,2045,0.910891,0.00960879,23.0979,36.6411,2403.83,3813.29,7.08944e+115,0.119683,False
insects,WSPF-A,9,1286,100,2045,0.910682,0.00954304,23.0926,36.4863,2419.83,3823.34,6.27221e+115,0.119683,False
insects,WSPF-B,0,1286,100,2045,0.909261,0.00974225,23.0565,22.9064,2366.66,2351.24,2.73167e+115,0.119683,False
insects,WSPF-B,1,1286,100,2045,0.91077,0.00975376,23.0948,22.9671,2367.79,2354.7,6.60312e+115,0.119683,False
insects,WSPF-B,2,1286,100,2045,0.912186,0.00973738,23.1307,22.9441,2375.45,2356.29,1.51439e+116,0.119683,False
insects,WSPF-B,3,1286,100,2045,0.908838,0.00963913,23.0458,22.9102,2390.86,2376.79,2.13278e+115,0.119683,False
insects,WSPF-B,4,1286,100,2045,0.911302,0.00983061,23.1083,22.9524,2350.65,2334.79,9.01987e+115,0.119683,False
insects,WSPF-B,5,1286,100,2045,0.912241,0.0098114,23.1321,22.9773,2357.68,2341.89,1.56401e+116,0.119683,False
insects,WSPF-B,6,1286,100,2045,0.909601,0.00966551,23.0652,22.9212,2386.34,2371.44,3.33137e+115,0.119683,False
insects,WSPF-B,7,1286,100,2045,0.911144,0.00981001,23.1043,22.9927,2355.17,2343.8,8.22028e+115,0.119683,False
insects,WSPF-B,8,1286,100,2045,0.910153,0.00974353,23.0791,23.0053,2368.66,2361.08,4.60101e+115,0.119683,False
insects,WSPF-B,9,1286,100,2045,0.912415,0.0096982,23.1365,22.9955,2385.65,2371.11,1.73179e+116,0.119683,False
