sigma_cd,seed,method,mse,mae,rho_mean,rho_max,ess_mean,resample_frac,nonfinite
0.001,0,SGD,0.021168,0.109653,nan,nan,nan,nan,
0.001,0,PF,0.020941,0.109645,nan,nan,73.35620957982995,0.027707808564231738,0
0.001,0,WSPF-A,0.021302,0.110229,0.7525600974823375,0.9652411710820848,2.4785120505168874,1.0,0
0.001,0,WSPF-B,0.020663,0.108650,0.758738821437077,0.9637932909907286,1.6592103177028403,1.0,0
0.001,1,SGD,0.021363,0.111654,nan,nan,nan,nan,
0.001,1,PF,0.020018,0.106477,nan,nan,77.91688292011717,0.0327455919395466,0
0.001,1,WSPF-A,0.021014,0.108489,0.7457892225087387,0.963380947525588,2.543205310290309,1.0,0
0.001,1,WSPF-B,0.021265,0.110747,0.764405262453134,0.9710698106364909,1.572582032095289,1.0,0
0.001,2,SGD,0.019872,0.105871,nan,nan,nan,nan,
0.001,2,PF,0.020230,0.106046,nan,nan,81.85423636425561,0.022670025188916875,0
0.001,2,WSPF-A,0.021022,0.109491,0.7594677146564014,0.9703249073014492,2.592768425928807,1.0,0
0.001,2,WSPF-B,0.021109,0.109596,0.7578617755850895,0.9699258147224716,1.6463703716396116,1.0,0
0.001,3,SGD,0.021864,0.112118,nan,nan,nan,nan,
0.001,3,PF,0.019813,0.106236,nan,nan,72.75774391382002,0.02518891687657431,0
0.001,3,WSPF-A,0.020562,0.109448,0.7534650535624112,0.9617032643603453,2.6247127297024515,1.0,0
0.001,3,WSPF-B,0.020142,0.107213,0.7540949464513165,0.9668880098988328,1.642477461635848,1.0,0
0.001,4,SGD,0.020864,0.109752,nan,nan,nan,nan,
0.001,4,PF,0.019658,0.104843,nan,nan,77.75752068171657,0.02518891687657431,0
0.001,4,WSPF-A,0.020278,0.107106,0.7444844045345946,0.9669964584356247,2.4285565995380214,1.0,0
0.001,4,WSPF-B,0.021620,0.111171,0.7584899440268009,0.9760641436514761,1.5737836063449717,1.0,0
0.001,5,SGD,0.021195,0.109692,nan,nan,nan,nan,
0.001,5,PF,0.021101,0.109718,nan,nan,72.69887041259588,0.027707808564231738,0
0.001,5,WSPF-A,0.020315,0.107802,0.746889183256121,0.9674998985362174,2.5559751835953315,1.0,0
0.001,5,WSPF-B,0.021324,0.111045,0.7680720560022002,0.9620308359321037,1.6102524221084134,1.0,0
0.001,6,SGD,0.020934,0.108292,nan,nan,nan,nan,
0.001,6,PF,0.020446,0.107381,nan,nan,78.87904755311958,0.0327455919395466,0
0.001,6,WSPF-A,0.020841,0.108979,0.7456304412490387,0.9628815873540771,2.3965386642269246,1.0,0
0.001,6,WSPF-B,0.020961,0.109596,0.7540304666579498,0.9660517839506326,1.5566509586912554,1.0,0
0.001,7,SGD,0.020970,0.109453,nan,nan,nan,nan,
0.001,7,PF,0.019953,0.105353,nan,nan,71.62445623903882,0.027707808564231738,0
0.001,7,WSPF-A,0.020033,0.105948,0.747966217086229,0.9660788335049519,2.5548874341368037,1.0,0
0.001,7,WSPF-B,0.020801,0.109446,0.7557121261856294,0.969383084292976,1.6675001840042103,1.0,0
0.001,8,SGD,0.021054,0.109608,nan,nan,nan,nan,
0.001,8,PF,0.019458,0.104220,nan,nan,73.57290934485663,0.022670025188916875,0
0.001,8,WSPF-A,0.021942,0.112241,0.7755557010338479,0.971560026667175,2.336173006495302,1.0,0
0.001,8,WSPF-B,0.021114,0.110062,0.7547065529565629,0.9599402696675701,1.6423699457376857,1.0,0
0.001,9,SGD,0.019956,0.105491,nan,nan,nan,nan,
0.001,9,PF,0.020545,0.108414,nan,nan,76.02533547519016,0.03526448362720403,0
0.001,9,WSPF-A,0.021615,0.111569,0.7747316807701371,0.9645843986031484,2.461153776973211,1.0,0
0.001,9,WSPF-B,0.020631,0.107909,0.7587203629288249,0.967704605943367,1.6205616117239166,1.0,0
0.002,0,SGD,0.021168,0.109653,nan,nan,nan,nan,
0.002,0,PF,0.020627,0.108835,nan,nan,79.11236553521442,0.04785894206549118,0
0.002,0,WSPF-A,0.021593,0.110950,0.4800453931731024,0.8805585006289093,3.603402310583832,1.0,0
0.002,0,WSPF-B,0.021059,0.110056,0.48867602921104447,0.8860687690203489,2.823631405891503,1.0,0
0.002,1,SGD,0.021363,0.111654,nan,nan,nan,nan,
0.002,1,PF,0.019881,0.106183,nan,nan,73.47390229258582,0.04785894206549118,0
0.002,1,WSPF-A,0.021185,0.109031,0.4772728114008003,0.888602067549802,3.264191620472389,1.0,0
0.002,1,WSPF-B,0.021540,0.111613,0.49363523129104925,0.8677261447928515,2.7961995388531724,1.0,0
0.002,2,SGD,0.019872,0.105871,nan,nan,nan,nan,
0.002,2,PF,0.021060,0.109937,nan,nan,72.77555254272366,0.055415617128463476,0
0.002,2,WSPF-A,0.021509,0.110200,0.48646705922012035,0.8984843680445006,3.4670062673139412,1.0,0
0.002,2,WSPF-B,0.021353,0.110436,0.48627909112143153,0.888838387404831,3.075162723295258,1.0,0
0.002,3,SGD,0.021864,0.112118,nan,nan,nan,nan,
0.002,3,PF,0.019727,0.106120,nan,nan,76.34508886667913,0.04785894206549118,0
0.002,3,WSPF-A,0.020679,0.109547,0.47628186668624045,0.875083514077429,3.774106878246841,1.0,0
0.002,3,WSPF-B,0.020505,0.108340,0.48186334672301456,0.8774349658314482,3.032810400553447,1.0,0
0.002,4,SGD,0.020864,0.109752,nan,nan,nan,nan,
0.002,4,PF,0.019598,0.104525,nan,nan,75.36820568300212,0.04030226700251889,0
0.002,4,WSPF-A,0.020826,0.109019,0.4766744996563866,0.8787007654191891,3.2113974132285756,1.0,0
0.002,4,WSPF-B,0.022094,0.112983,0.493858601432564,0.9022770648246162,2.8264069737889304,0.9974811083123426,0
0.002,5,SGD,0.021195,0.109692,nan,nan,nan,nan,
0.002,5,PF,0.020288,0.107031,nan,nan,74.75160415239048,0.05793450881612091,0
0.002,5,WSPF-A,0.021092,0.108873,0.4826721124590502,0.889833199756038,3.126080644413247,1.0,0
0.002,5,WSPF-B,0.022284,0.113862,0.5020528992977997,0.8736918462751937,2.7464735550749375,1.0,0
0.002,6,SGD,0.020934,0.108292,nan,nan,nan,nan,
0.002,6,PF,0.021050,0.108949,nan,nan,74.38924889922384,0.05793450881612091,0
0.002,6,WSPF-A,0.020527,0.107422,0.4687825099000359,0.8946629226326376,3.5432743287767687,1.0,0
0.002,6,WSPF-B,0.021766,0.111855,0.47985711682319987,0.8782053497661106,2.881257930856381,1.0,0
0.002,7,SGD,0.020970,0.109453,nan,nan,nan,nan,
0.002,7,PF,0.019658,0.105626,nan,nan,75.08920058554993,0.037783375314861464,0
0.002,7,WSPF-A,0.020030,0.106149,0.4691206511501439,0.8774914279841787,3.6275480587260294,1.0,0
0.002,7,WSPF-B,0.020895,0.109189,0.47920914059244984,0.8928363614128181,3.1686873516721348,0.9949622166246851,0
0.002,8,SGD,0.021054,0.109608,nan,nan,nan,nan,
0.002,8,PF,0.019179,0.103520,nan,nan,75.54317342743249,0.03526448362720403,0
0.002,8,WSPF-A,0.022821,0.115043,0.5188793293855308,0.9019255424846317,3.253618903517869,1.0,0
0.002,8,WSPF-B,0.021286,0.110406,0.4846685925672589,0.8708301063994878,2.9262134257449564,1.0,0
0.002,9,SGD,0.019956,0.105491,nan,nan,nan,nan,
0.002,9,PF,0.020468,0.107893,nan,nan,72.49647642206857,0.05037783375314862,0
0.002,9,WSPF-A,0.021843,0.112064,0.500314779618019,0.8698614793960561,3.273095977685254,1.0,0
0.002,9,WSPF-B,0.020977,0.108826,0.4862800341868299,0.8777924285160054,2.9348532370679634,1.0,0
0.005,0,SGD,0.021168,0.109653,nan,nan,nan,nan,
0.005,0,PF,0.020797,0.110156,nan,nan,72.06837890859819,0.11083123425692695,0
0.005,0,WSPF-A,0.023961,0.118691,0.18748329656503857,0.6016295132412893,4.227288834324237,1.0,0
0.005,0,WSPF-B,0.022363,0.113417,0.17481803962765172,0.5755695881071816,15.576811651724165,0.929471032745592,0
0.005,1,SGD,0.021363,0.111654,nan,nan,nan,nan,
0.005,1,PF,0.020171,0.107324,nan,nan,71.4906849605376,0.11838790931989925,0
0.005,1,WSPF-A,0.024480,0.119341,0.1925432193152628,0.6318905167378026,4.487318991688715,1.0,0
0.005,1,WSPF-B,0.023395,0.115740,0.17511501087082934,0.5775157061251027,16.654930798472666,0.9168765743073047,0
0.005,2,SGD,0.019872,0.105871,nan,nan,nan,nan,
0.005,2,PF,0.020548,0.108140,nan,nan,72.75137011870429,0.12342569269521411,0
0.005,2,WSPF-A,0.023930,0.118369,0.1923060502100479,0.6448812728598042,4.416416714380031,1.0,0
0.005,2,WSPF-B,0.021637,0.110993,0.17049557641964738,0.6595601674219929,17.94867312254934,0.9219143576826196,0
0.005,3,SGD,0.021864,0.112118,nan,nan,nan,nan,
0.005,3,PF,0.019856,0.106718,nan,nan,71.57778101827174,0.11335012594458438,0
0.005,3,WSPF-A,0.022249,0.113584,0.16800173871553312,0.5790063771830459,4.756162906126783,1.0,0
0.005,3,WSPF-B,0.022821,0.115333,0.18145566499016622,0.6733780942933383,15.64748587366154,0.9395465994962217,0
0.005,4,SGD,0.020864,0.109752,nan,nan,nan,nan,
0.005,4,PF,0.020071,0.107221,nan,nan,71.18849010596644,0.11335012594458438,0
0.005,4,WSPF-A,0.022507,0.113881,0.17217534917636224,0.5332807672227097,4.802394206773174,1.0,0
0.005,4,WSPF-B,0.023025,0.115839,0.1828366630898628,0.6419745380338253,15.227297680112988,0.9395465994962217,0
0.005,5,SGD,0.021195,0.109692,nan,nan,nan,nan,
0.005,5,PF,0.020843,0.110077,nan,nan,70.40238380004263,0.1309823677581864,0
0.005,5,WSPF-A,0.023043,0.115864,0.17634657816241586,0.6297034399983825,4.732298600180522,1.0,0
0.005,5,WSPF-B,0.022446,0.112157,0.1765804854555931,0.6355822926548078,15.925601481348142,0.9420654911838791,0
0.005,6,SGD,0.020934,0.108292,nan,nan,nan,nan,
0.005,6,PF,0.020587,0.108476,nan,nan,74.77443703240777,0.12594458438287154,0
0.005,6,WSPF-A,0.021527,0.111222,0.1659904616420964,0.5764407286699913,4.924934671015723,1.0,0
0.005,6,WSPF-B,0.022279,0.113016,0.1603191464879616,0.5739349793720783,18.60489781358639,0.9143576826196473,0
0.005,7,SGD,0.020970,0.109453,nan,nan,nan,nan,
0.005,7,PF,0.019787,0.105821,nan,nan,72.47912780000696,0.12342569269521411,0
0.005,7,WSPF-A,0.022957,0.115315,0.17974906795006065,0.6006676208633217,4.312011794013131,1.0,0
0.005,7,WSPF-B,0.021308,0.109762,0.16978274237230898,0.5867713074981069,16.74569415135914,0.9219143576826196,0
0.005,8,SGD,0.021054,0.109608,nan,nan,nan,nan,
0.005,8,PF,0.019821,0.106445,nan,nan,73.04030926854335,0.10327455919395466,0
0.005,8,WSPF-A,0.022949,0.115531,0.18002904991996974,0.6538192414099322,4.668415139969087,1.0,0
0.005,8,WSPF-B,0.022405,0.113047,0.17801876258420582,0.6172508109705263,15.521193976973173,0.9395465994962217,0
0.005,9,SGD,0.019956,0.105491,nan,nan,nan,nan,
0.005,9,PF,0.019970,0.107287,nan,nan,71.10964051066684,0.12090680100755667,0
0.005,9,WSPF-A,0.023914,0.117481,0.19741169697436456,0.665705298652049,4.304893974121307,1.0,0
0.005,9,WSPF-B,0.022659,0.114506,0.178210699381659,0.7685596647048587,16.161259296683262,0.9219143576826196,0
0.01,0,SGD,0.021168,0.109653,nan,nan,nan,nan,
0.01,0,PF,0.023555,0.117047,nan,nan,61.75024105699298,0.31738035264483627,0
0.01,0,WSPF-A,0.031364,0.136233,0.1042920864357495,0.4480056642228802,4.915294343757511,1.0,0
0.01,0,WSPF-B,0.027332,0.127651,0.08568233217084861,0.43994963457096564,26.367739614072136,0.8488664987405542,0
0.01,1,SGD,0.021363,0.111654,nan,nan,nan,nan,
0.01,1,PF,0.023996,0.118901,nan,nan,57.86857551861334,0.35516372795969775,0
0.01,1,WSPF-A,0.030427,0.134420,0.09256700913403386,0.4168102515158314,5.2585073729318195,1.0,0
0.01,1,WSPF-B,0.026803,0.124712,0.0835337516552969,0.45782855682254775,27.735938150757786,0.8438287153652393,0
0.01,2,SGD,0.019872,0.105871,nan,nan,nan,nan,
0.01,2,PF,0.026500,0.124314,nan,nan,57.39707426414453,0.3853904282115869,0
0.01,2,WSPF-A,0.032506,0.140874,0.10792435708221078,0.40121635708258946,4.7297575570336425,1.0,0
0.01,2,WSPF-B,0.029282,0.131734,0.08513072625873118,0.45040134614013083,26.39802745563258,0.8312342569269522,0
0.01,3,SGD,0.021864,0.112118,nan,nan,nan,nan,
0.01,3,PF,0.023242,0.116121,nan,nan,60.88026263231957,0.3123425692695214,0
0.01,3,WSPF-A,0.031064,0.136478,0.09529036524809174,0.45326681129415947,5.199846806867911,1.0,0
0.01,3,WSPF-B,0.029482,0.133011,0.09436719650534174,0.5859483893157739,24.175438492804656,0.8690176322418136,0
0.01,4,SGD,0.020864,0.109752,nan,nan,nan,nan,
0.01,4,PF,0.022823,0.113772,nan,nan,60.20234275483872,0.30982367758186397,0
0.01,4,WSPF-A,0.031571,0.136618,0.09495885765583828,0.4760904116651253,4.8243129931287445,1.0,0
0.01,4,WSPF-B,0.029282,0.131011,0.08811362801310159,0.4300526228318266,25.70890685304488,0.8463476070528967,0
0.01,5,SGD,0.021195,0.109692,nan,nan,nan,nan,
0.01,5,PF,0.022588,0.113635,nan,nan,61.865529099333855,0.30982367758186397,0
0.01,5,WSPF-A,0.029994,0.134086,0.09369980047731273,0.4424228323234353,4.950064264729563,1.0,0
0.01,5,WSPF-B,0.026920,0.125498,0.0883420535237763,0.4894188428588945,25.735008841814032,0.8564231738035264,0
0.01,6,SGD,0.020934,0.108292,nan,nan,nan,nan,
0.01,6,PF,0.022740,0.114864,nan,nan,61.25015237193626,0.3198992443324937,0
0.01,6,WSPF-A,0.030845,0.135555,0.0963485254607337,0.3790079582104428,4.680765935167964,1.0,0
0.01,6,WSPF-B,0.027133,0.126054,0.08535588035422174,0.522938823999772,26.79093134060205,0.8211586901763224,0
0.01,7,SGD,0.020970,0.109453,nan,nan,nan,nan,
0.01,7,PF,0.023312,0.115362,nan,nan,60.363114443540724,0.3123425692695214,0
0.01,7,WSPF-A,0.030232,0.134415,0.09882450107761663,0.507017079265279,4.725910253464677,1.0,0
0.01,7,WSPF-B,0.027077,0.126285,0.08607081694230528,0.4132614660643728,25.840842888593116,0.8513853904282116,0
0.01,8,SGD,0.021054,0.109608,nan,nan,nan,nan,
0.01,8,PF,0.024580,0.119589,nan,nan,58.985360940755434,0.327455919395466,0
0.01,8,WSPF-A,0.032466,0.139818,0.10401183707812649,0.46027457781054776,4.6389266899935135,1.0,0
0.01,8,WSPF-B,0.028591,0.130021,0.08996062921729167,0.41923582035991064,25.11821153330593,0.8765743073047859,0
0.01,9,SGD,0.019956,0.105491,nan,nan,nan,nan,
0.01,9,PF,0.023337,0.115673,nan,nan,59.76186160810337,0.2972292191435768,0
0.01,9,WSPF-A,0.031216,0.134853,0.1027688345350723,0.545394818165554,4.96385889039794,1.0,0
0.01,9,WSPF-B,0.025684,0.122083,0.08128414169150233,0.46679804694088745,27.35846787247715,0.8488664987405542,0
0.025,0,SGD,0.021168,0.109653,nan,nan,nan,nan,
0.025,0,PF,0.041405,0.158144,nan,nan,24.32751250169915,0.9345088161209067,0
0.025,0,WSPF-A,0.053810,0.180014,0.05335476982538382,0.2919372890346234,4.702701314690902,1.0,0
0.025,0,WSPF-B,0.058936,0.190349,0.05985701393662147,0.2988292937714119,12.036588830529293,0.9798488664987406,0
0.025,1,SGD,0.021363,0.111654,nan,nan,nan,nan,
0.025,1,PF,0.045595,0.164266,nan,nan,23.163329166833893,0.9017632241813602,0
0.025,1,WSPF-A,0.058809,0.185575,0.057193200142189864,0.4081888410392077,4.890445633777641,1.0,0
0.025,1,WSPF-B,0.066290,0.201960,0.060274965003048374,0.30681138444989703,11.677081791197532,0.9773299748110831,0
0.025,2,SGD,0.019872,0.105871,nan,nan,nan,nan,
0.025,2,PF,0.036872,0.146143,nan,nan,27.003887797234018,0.8790931989924433,0
0.025,2,WSPF-A,0.062965,0.197701,0.05899416097997843,0.31555962291210676,4.095398943838723,1.0,0
0.025,2,WSPF-B,0.052644,0.176389,0.052891236512144106,0.36565357621102834,14.349944477935557,0.9722921914357683,0
0.025,3,SGD,0.021864,0.112118,nan,nan,nan,nan,
0.025,3,PF,0.041541,0.156883,nan,nan,24.374609339285144,0.9319899244332494,0
0.025,3,WSPF-A,0.058943,0.189845,0.05411966840031199,0.30875435722693884,4.593386044436526,1.0,0
0.025,3,WSPF-B,0.051684,0.177864,0.052088271647864316,0.3054259840523199,12.691588419747937,0.9899244332493703,0
0.025,4,SGD,0.020864,0.109752,nan,nan,nan,nan,
0.025,4,PF,0.054319,0.179102,nan,nan,20.938431301770432,0.9168765743073047,0
0.025,4,WSPF-A,0.078674,0.222185,0.07209099080582752,0.3151378255601259,3.3343034980581376,1.0,0
0.025,4,WSPF-B,0.051253,0.177176,0.05182957102074493,0.2879995972479009,13.092609611226006,0.9848866498740554,0
0.025,5,SGD,0.021195,0.109692,nan,nan,nan,nan,
0.025,5,PF,0.051405,0.176505,nan,nan,20.662457543968884,0.9370277078085643,0
0.025,5,WSPF-A,0.053035,0.178643,0.055672180886746504,0.38462029668706793,4.567210413369746,1.0,0
0.025,5,WSPF-B,0.055075,0.180517,0.055052171248936056,0.4744327535263436,14.52287366662057,0.9748110831234257,0
0.025,6,SGD,0.020934,0.108292,nan,nan,nan,nan,
0.025,6,PF,0.038509,0.152258,nan,nan,25.146218700588832,0.8967254408060453,0
0.025,6,WSPF-A,0.054754,0.184200,0.0545768330146394,0.29449984911171556,3.8752736350987647,1.0,0
0.025,6,WSPF-B,0.063927,0.192770,0.061640424542713325,0.4282967962135845,12.582971952329693,0.9773299748110831,0
0.025,7,SGD,0.020970,0.109453,nan,nan,nan,nan,
0.025,7,PF,0.037575,0.147650,nan,nan,27.982284591621447,0.8816120906801007,0
0.025,7,WSPF-A,0.061403,0.193552,0.0586680797352418,0.3035309850062154,4.011232550563142,1.0,0
0.025,7,WSPF-B,0.050385,0.172947,0.050784906022495434,0.3761434304900681,16.140457762845863,0.964735516372796,0
0.025,8,SGD,0.021054,0.109608,nan,nan,nan,nan,
0.025,8,PF,0.039912,0.153737,nan,nan,23.558756155617765,0.9370277078085643,0
0.025,8,WSPF-A,0.058694,0.188832,0.05744880401645352,0.33388598618900056,4.307736167979719,1.0,0
0.025,8,WSPF-B,0.049753,0.172091,0.04955982478315633,0.286779944017722,14.382151226937811,0.9722921914357683,0
0.025,9,SGD,0.019956,0.105491,nan,nan,nan,nan,
0.025,9,PF,0.048296,0.170315,nan,nan,23.14348837920348,0.9017632241813602,0
0.025,9,WSPF-A,0.054195,0.183225,0.05320637108846613,0.22273173415781386,4.684280019123264,1.0,0
0.025,9,WSPF-B,0.054545,0.180207,0.051414634038299704,0.39489067286485213,14.787911216271246,0.964735516372796,0
0.05,0,SGD,0.021168,0.109653,nan,nan,nan,nan,
0.05,0,PF,0.067633,0.199543,nan,nan,10.586901955548853,1.0,0
0.05,0,WSPF-A,0.090791,0.231253,0.03399327182322903,0.23521281523094886,5.149702464831461,1.0,0
0.05,0,WSPF-B,0.068388,0.199734,0.029024986611980785,0.22009396791331207,7.964623903587291,1.0,0
0.05,1,SGD,0.021363,0.111654,nan,nan,nan,nan,
0.05,1,PF,0.061825,0.189775,nan,nan,10.106360969561722,1.0,0
0.05,1,WSPF-A,0.109524,0.254856,0.03737179205180488,0.2786183269767345,4.999332405196706,1.0,0
0.05,1,WSPF-B,0.089929,0.231762,0.03204429250432788,0.4659631619592431,7.205131793860029,1.0,0
0.05,2,SGD,0.019872,0.105871,nan,nan,nan,nan,
0.05,2,PF,0.068274,0.200605,nan,nan,10.497450517979672,1.0,0
0.05,2,WSPF-A,0.092783,0.234657,0.03410600484415466,0.2864828054330605,5.275820469206008,1.0,0
0.05,2,WSPF-B,0.081009,0.217517,0.0300727719982391,0.2668897303502557,7.618500557632215,1.0,0
0.05,3,SGD,0.021864,0.112118,nan,nan,nan,nan,
0.05,3,PF,0.074016,0.206709,nan,nan,9.957993652356427,1.0,0
0.05,3,WSPF-A,0.097405,0.240499,0.0341119443336598,0.28177268423266816,5.157786210393285,1.0,0
0.05,3,WSPF-B,0.069556,0.201658,0.02738473569216347,0.20004911591972183,8.514196039978868,1.0,0
0.05,4,SGD,0.020864,0.109752,nan,nan,nan,nan,
0.05,4,PF,0.067997,0.198809,nan,nan,10.585490771865556,1.0,0
0.05,4,WSPF-A,0.101193,0.240679,0.0356795460629784,0.3546325386736381,5.398349010886391,1.0,0
0.05,4,WSPF-B,0.073214,0.210507,0.030195698734111175,0.188191746241916,7.348091083475633,1.0,0
0.05,5,SGD,0.021195,0.109692,nan,nan,nan,nan,
0.05,5,PF,0.075947,0.207282,nan,nan,10.544003925486503,1.0,0
0.05,5,WSPF-A,0.089891,0.230266,0.03579347497069646,0.31636398475107136,5.316005291021066,1.0,0
0.05,5,WSPF-B,0.090003,0.224706,0.03208425664819267,0.2453720028848208,7.5912001920211285,1.0,0
0.05,6,SGD,0.020934,0.108292,nan,nan,nan,nan,
0.05,6,PF,0.067348,0.197545,nan,nan,10.652871769367893,1.0,0
0.05,6,WSPF-A,0.079618,0.216529,0.02960586687768594,0.22742702475093104,5.349808948017902,1.0,0
0.05,6,WSPF-B,0.070938,0.203777,0.028737616920607514,0.37384858310269975,7.493829214989246,1.0,0
0.05,7,SGD,0.020970,0.109453,nan,nan,nan,nan,
0.05,7,PF,0.074930,0.206821,nan,nan,10.043858674745389,1.0,0
0.05,7,WSPF-A,0.119483,0.261624,0.03773845458377898,0.5538556705545065,5.166045033709077,1.0,0
0.05,7,WSPF-B,0.077329,0.214265,0.031061210520463758,0.2678747536437559,7.760185053096678,1.0,0
0.05,8,SGD,0.021054,0.109608,nan,nan,nan,nan,
0.05,8,PF,0.067224,0.197631,nan,nan,10.23190539493372,1.0,0
0.05,8,WSPF-A,0.100144,0.244052,0.03285736931060799,0.27363579460286364,4.890184731134142,1.0,0
0.05,8,WSPF-B,0.092878,0.233429,0.03356729055454461,0.3066619336990001,7.616330845771135,1.0,0
0.05,9,SGD,0.019956,0.105491,nan,nan,nan,nan,
0.05,9,PF,0.072353,0.206922,nan,nan,10.414778027678993,1.0,0
0.05,9,WSPF-A,0.092203,0.232118,0.03489000482645782,0.29424013191452764,4.964244602063713,1.0,0
0.05,9,WSPF-B,0.072696,0.208025,0.02793206091073345,0.19020854859345254,8.36950097935858,1.0,0
0.1,0,SGD,0.021168,0.109653,nan,nan,nan,nan,
0.1,0,PF,0.180913,0.321063,nan,nan,3.886804956249655,1.0,0
0.1,0,WSPF-A,0.171583,0.313230,0.019160757329408012,0.15883981449503648,3.5653349383705115,1.0,0
0.1,0,WSPF-B,0.162307,0.296303,0.019069030321687105,0.27010654756751373,3.655412681388895,1.0,0
0.1,1,SGD,0.021363,0.111654,nan,nan,nan,nan,
0.1,1,PF,0.143968,0.280985,nan,nan,3.940050152786034,1.0,0
0.1,1,WSPF-A,0.158644,0.294090,0.01896733283851167,0.20802617721642283,3.79868606059256,1.0,0
0.1,1,WSPF-B,0.195714,0.326129,0.02153210961664137,0.360905178488076,3.4254952981196567,1.0,0
0.1,2,SGD,0.019872,0.105871,nan,nan,nan,nan,
0.1,2,PF,0.169000,0.307712,nan,nan,3.818351039276025,1.0,0
0.1,2,WSPF-A,0.142559,0.287039,0.01879973588037754,0.184404235294347,3.743471910918286,1.0,0
0.1,2,WSPF-B,0.161239,0.302893,0.019561832852795304,0.2021415939978482,3.440330887845958,1.0,0
0.1,3,SGD,0.021864,0.112118,nan,nan,nan,nan,
0.1,3,PF,0.165407,0.301506,nan,nan,3.855335224932283,1.0,0
0.1,3,WSPF-A,0.191696,0.314584,0.022219850563280467,0.3823162944490447,3.7288879840415774,1.0,0
0.1,3,WSPF-B,0.167011,0.304977,0.020819632665638497,0.29656119866740505,3.445608268700069,1.0,0
0.1,4,SGD,0.020864,0.109752,nan,nan,nan,nan,
0.1,4,PF,0.182328,0.315925,nan,nan,3.6826730011566977,1.0,0
0.1,4,WSPF-A,0.210266,0.336932,0.023090940444716906,0.32172019519438894,3.571010572447638,1.0,0
0.1,4,WSPF-B,0.221288,0.343655,0.023533051979258524,0.3240255386757251,3.4265395529440426,1.0,0
0.1,5,SGD,0.021195,0.109692,nan,nan,nan,nan,
0.1,5,PF,0.214659,0.343786,nan,nan,3.4449618174691308,1.0,0
0.1,5,WSPF-A,0.151288,0.291302,0.019035987739765302,0.2114199953187359,3.71860164134704,1.0,0
0.1,5,WSPF-B,0.230733,0.349856,0.024088098508837186,0.5605969099284792,3.6361219280291057,1.0,0
0.1,6,SGD,0.020934,0.108292,nan,nan,nan,nan,
0.1,6,PF,0.235185,0.342032,nan,nan,3.8572959248341085,1.0,0
0.1,6,WSPF-A,0.186865,0.318592,0.019569682296966286,0.348402840447002,3.4291581778850233,1.0,0
0.1,6,WSPF-B,0.226439,0.352252,0.023877084706117636,0.33740325122168796,3.5000385000573315,1.0,0
0.1,7,SGD,0.020970,0.109453,nan,nan,nan,nan,
0.1,7,PF,0.200664,0.326043,nan,nan,3.7085976878120666,1.0,0
0.1,7,WSPF-A,0.147466,0.287674,0.018856998555625715,0.15979782394665648,3.8338922616946904,1.0,0
0.1,7,WSPF-B,0.260672,0.356455,0.028123139393176285,0.47721765347402734,3.4010451756631044,1.0,0
0.1,8,SGD,0.021054,0.109608,nan,nan,nan,nan,
0.1,8,PF,0.183178,0.319304,nan,nan,3.7254466186549986,1.0,0
0.1,8,WSPF-A,0.176439,0.309932,0.022506943318683238,0.4023198978685135,3.6447805645397655,1.0,0
0.1,8,WSPF-B,0.193615,0.328182,0.022264615419550632,0.19804747178910054,3.4489130258627427,1.0,0
0.1,9,SGD,0.019956,0.105491,nan,nan,nan,nan,
0.1,9,PF,0.179925,0.323024,nan,nan,3.788694026933346,1.0,0
0.1,9,WSPF-A,0.171964,0.308979,0.02109028496555133,0.29843618824936846,3.621454993452598,1.0,0
0.1,9,WSPF-B,0.190992,0.317045,0.023200657164323853,0.4264713541232009,3.3641361981509523,1.0,0
