method,N,zone,kind,metric,mean,std,n_seeds,mean_difference,std_difference,paired_t_p,wilcoxon_p,paired_t_p_holm,wilcoxon_p_holm,better
SGD,100,None,performance,nll,1.04371,0.272465,10,,,,,,,
SGD,100,None,performance,nll_mixture,1.04371,0.272465,10,,,,,,,
SGD,100,None,performance,mse,0.40896,0.136233,10,,,,,,,
PH-SGD,100,None,performance,nll,1.04761,0.156228,10,,,,,,,
PH-SGD,100,None,performance,nll_mixture,1.04761,0.156228,10,,,,,,,
PH-SGD,100,None,performance,mse,0.410908,0.0781142,10,,,,,,,
Window-SGD,100,None,performance,nll,0.912649,0.134417,10,,,,,,,
Window-SGD,100,None,performance,nll_mixture,0.912649,0.134417,10,,,,,,,
Window-SGD,100,None,performance,mse,0.343429,0.0672085,10,,,,,,,
PF,100,None,performance,nll,0.927737,0.147616,10,,,,,,,
PF,100,None,performance,nll_mixture,0.928015,0.147601,10,,,,,,,
PF,100,None,performance,mse,0.356126,0.0757117,10,,,,,,,
PF,100,None,diagnostic,ess_over_N,0.518006,0.00955577,10,,,,,,,
PF,100,None,diagnostic,weight_entropy,4.1081,0.0359853,10,,,,,,,
PF,100,None,diagnostic,max_weight,0.0642361,0.00726812,10,,,,,,,
PF,100,None,diagnostic,particle_spread,1.89474,0.275312,10,,,,,,,
PF,100,None,diagnostic,unique_ancestor_rate_all,0.783836,0.0130572,10,,,,,,,
PF,100,None,diagnostic,unique_ancestor_rate_resampled,0.534176,0.0092168,10,,,,,,,
PF,100,None,diagnostic,resample_rate,0.463778,0.0211998,10,,,,,,,
WSPF-A,100,None,performance,nll,0.918092,0.147823,10,,,,,,,
WSPF-A,100,None,performance,nll_mixture,0.91855,0.14809,10,,,,,,,
WSPF-A,100,None,performance,mse,0.351474,0.0765791,10,,,,,,,
WSPF-A,100,None,diagnostic,ess_over_N,0.451421,0.0219745,10,,,,,,,
WSPF-A,100,None,diagnostic,weight_entropy,3.99541,0.0601068,10,,,,,,,
WSPF-A,100,None,diagnostic,max_weight,0.0814805,0.00998594,10,,,,,,,
WSPF-A,100,None,diagnostic,particle_spread,1.30673,0.34415,10,,,,,,,
WSPF-A,100,None,diagnostic,unique_ancestor_rate_all,0.709116,0.0264196,10,,,,,,,
WSPF-A,100,None,diagnostic,unique_ancestor_rate_resampled,0.5119,0.012736,10,,,,,,,
WSPF-A,100,None,diagnostic,resample_rate,0.595111,0.0404273,10,,,,,,,
WSPF-B,100,None,performance,nll,0.955969,0.167257,10,,,,,,,
WSPF-B,100,None,performance,nll_mixture,0.957046,0.167652,10,,,,,,,
WSPF-B,100,None,performance,mse,0.375048,0.0879859,10,,,,,,,
WSPF-B,100,None,diagnostic,ess_over_N,0.224025,0.0217704,10,,,,,,,
WSPF-B,100,None,diagnostic,weight_entropy,3.32544,0.100019,10,,,,,,,
WSPF-B,100,None,diagnostic,max_weight,0.142028,0.0158553,10,,,,,,,
WSPF-B,100,None,diagnostic,particle_spread,2.37659,0.269189,10,,,,,,,
WSPF-B,100,None,diagnostic,unique_ancestor_rate_all,0.376618,0.0213782,10,,,,,,,
WSPF-B,100,None,diagnostic,unique_ancestor_rate_resampled,0.375794,0.0211316,10,,,,,,,
WSPF-B,100,None,diagnostic,resample_rate,0.998667,0.00147406,10,,,,,,,
SGD_vs_PH-SGD,100,None,paired,mse_paired,,,10,-0.00194852,0.102313,0.953293,0.593955,0.953293,0.593955,SGD
SGD_vs_Window-SGD,100,None,paired,mse_paired,,,10,0.0655307,0.0731177,0.0195894,0.00390625,0.165173,0.0429688,Window-SGD
SGD_vs_PF,100,None,paired,mse_paired,,,10,0.0528331,0.0641916,0.0286101,0.00585938,0.165173,0.046875,PF
SGD_vs_WSPF-A,100,None,paired,mse_paired,,,10,0.0574857,0.0632489,0.0183526,0.00390625,0.165173,0.0429688,WSPF-A
SGD_vs_WSPF-B,100,None,paired,mse_paired,,,10,0.0339114,0.0520454,0.069429,0.0195312,0.208287,0.136719,WSPF-B
PH-SGD_vs_Window-SGD,100,None,paired,mse_paired,,,10,0.0674792,0.0581014,0.00513343,0.00390625,0.0564677,0.0429688,Window-SGD
PH-SGD_vs_PF,100,None,paired,mse_paired,,,10,0.0547816,0.0623404,0.0214409,0.0273438,0.165173,0.136719,PF
PH-SGD_vs_WSPF-A,100,None,paired,mse_paired,,,10,0.0594343,0.0613594,0.0135046,0.0273438,0.135046,0.136719,WSPF-A
PH-SGD_vs_WSPF-B,100,None,paired,mse_paired,,,10,0.0358599,0.0662411,0.12107,0.130859,0.242141,0.261719,WSPF-B
Window-SGD_vs_PF,100,None,paired,mse_paired,,,10,-0.0126976,0.0101657,0.00335528,0.00195312,0.0402633,0.0292969,Window-SGD
Window-SGD_vs_WSPF-A,100,None,paired,mse_paired,,,10,-0.00804498,0.0105993,0.0398854,0.0195312,0.165173,0.136719,Window-SGD
Window-SGD_vs_WSPF-B,100,None,paired,mse_paired,,,10,-0.0316194,0.0222854,0.00151757,0.00195312,0.021246,0.0292969,Window-SGD
PF_vs_WSPF-A,100,None,paired,mse_paired,,,10,0.0046526,0.00536683,0.0227939,0.0371094,0.165173,0.136719,WSPF-A
PF_vs_WSPF-B,100,None,paired,mse_paired,,,10,-0.0189218,0.0136768,0.0017841,0.00195312,0.0231933,0.0292969,PF
WSPF-A_vs_WSPF-B,100,None,paired,mse_paired,,,10,-0.0235744,0.0133834,0.000347274,0.00195312,0.00520911,0.0292969,WSPF-A
SGD_vs_PH-SGD,100,None,paired,nll_paired,,,10,-0.00389704,0.204626,0.953293,0.593955,0.953293,0.644531,SGD
SGD_vs_Window-SGD,100,None,paired,nll_paired,,,10,0.131061,0.146235,0.0195894,0.00390625,0.137126,0.046875,Window-SGD
SGD_vs_PF,100,None,paired,nll_paired,,,10,0.115974,0.132298,0.0216794,0.00390625,0.137126,0.046875,PF
SGD_vs_WSPF-A,100,None,paired,nll_paired,,,10,0.125619,0.131916,0.0146845,0.00390625,0.127658,0.046875,WSPF-A
SGD_vs_WSPF-B,100,None,paired,nll_paired,,,10,0.0877416,0.112556,0.035857,0.00585938,0.143428,0.046875,WSPF-B
PH-SGD_vs_Window-SGD,100,None,paired,nll_paired,,,10,0.134958,0.116203,0.00513343,0.00390625,0.0616011,0.046875,Window-SGD
PH-SGD_vs_PF,100,None,paired,nll_paired,,,10,0.119871,0.123272,0.0132459,0.0136719,0.127658,0.0683594,PF
PH-SGD_vs_WSPF-A,100,None,paired,nll_paired,,,10,0.129516,0.121289,0.00816881,0.00390625,0.0898569,0.046875,WSPF-A
PH-SGD_vs_WSPF-B,100,None,paired,nll_paired,,,10,0.0916386,0.12813,0.0500406,0.0644531,0.150122,0.193359,WSPF-B
Window-SGD_vs_PF,100,None,paired,nll_paired,,,10,-0.0150876,0.0173798,0.0226532,0.00976562,0.137126,0.0585938,Window-SGD
Window-SGD_vs_WSPF-A,100,None,paired,nll_paired,,,10,-0.00544278,0.0161112,0.313201,0.322266,0.626402,0.644531,Window-SGD
Window-SGD_vs_WSPF-B,100,None,paired,nll_paired,,,10,-0.0433198,0.0357735,0.00403173,0.00195312,0.0524124,0.0292969,Window-SGD
PF_vs_WSPF-A,100,None,paired,nll_paired,,,10,0.00964487,0.00984533,0.0127658,0.0136719,0.127658,0.0683594,WSPF-A
PF_vs_WSPF-B,100,None,paired,nll_paired,,,10,-0.0282322,0.021787,0.00268568,0.00195312,0.0375995,0.0292969,PF
WSPF-A_vs_WSPF-B,100,None,paired,nll_paired,,,10,-0.037877,0.0231785,0.000589032,0.00195312,0.00883547,0.0292969,WSPF-A
SGD_vs_PH-SGD,100,None,paired,nll_mixture_paired,,,10,-0.00389704,0.204626,0.953293,0.593955,0.953293,0.644531,SGD
SGD_vs_Window-SGD,100,None,paired,nll_mixture_paired,,,10,0.131061,0.146235,0.0195894,0.00390625,0.137126,0.046875,Window-SGD
SGD_vs_PF,100,None,paired,nll_mixture_paired,,,10,0.115695,0.132305,0.0219219,0.00390625,0.137126,0.046875,PF
SGD_vs_WSPF-A,100,None,paired,nll_mixture_paired,,,10,0.125161,0.131652,0.0148027,0.00390625,0.124593,0.046875,WSPF-A
SGD_vs_WSPF-B,100,None,paired,nll_mixture_paired,,,10,0.0866644,0.11224,0.0372602,0.00585938,0.149041,0.046875,WSPF-B
PH-SGD_vs_Window-SGD,100,None,paired,nll_mixture_paired,,,10,0.134958,0.116203,0.00513343,0.00390625,0.0616011,0.046875,Window-SGD
PH-SGD_vs_PF,100,None,paired,nll_mixture_paired,,,10,0.119592,0.123275,0.0134014,0.0136719,0.124593,0.0683594,PF
PH-SGD_vs_WSPF-A,100,None,paired,nll_mixture_paired,,,10,0.129058,0.121312,0.00833357,0.00390625,0.0916692,0.046875,WSPF-A
PH-SGD_vs_WSPF-B,100,None,paired,nll_mixture_paired,,,10,0.0905614,0.128657,0.0530488,0.0839844,0.159146,0.251953,WSPF-B
Window-SGD_vs_PF,100,None,paired,nll_mixture_paired,,,10,-0.015366,0.0172328,0.0200565,0.00585938,0.137126,0.046875,Window-SGD
Window-SGD_vs_WSPF-A,100,None,paired,nll_mixture_paired,,,10,-0.00590066,0.016345,0.283081,0.322266,0.566162,0.644531,Window-SGD
Window-SGD_vs_WSPF-B,100,None,paired,nll_mixture_paired,,,10,-0.0443971,0.0361568,0.00371451,0.00195312,0.0482887,0.0292969,Window-SGD
PF_vs_WSPF-A,100,None,paired,nll_mixture_paired,,,10,0.00946531,0.00961528,0.0124593,0.0195312,0.124593,0.078125,WSPF-A
PF_vs_WSPF-B,100,None,paired,nll_mixture_paired,,,10,-0.0290311,0.0222622,0.00258334,0.00195312,0.0361668,0.0292969,PF
WSPF-A_vs_WSPF-B,100,None,paired,nll_mixture_paired,,,10,-0.0384964,0.023262,0.000539574,0.00195312,0.00809361,0.0292969,WSPF-A
