benchmark,method,d,N,rho_mean,rho_sd,sd_loglik,sd_loglik_sd,sd_logR_theory,sd_logR_theory_sd,sd_logR_measured,sd_logR_measured_sd,R_diag,R_diag_sd,R_diag_measured,required_N,rho_max_supported,condition_holds,n_seeds,experiment,zone,t_step_ms,t_correction_ms,sample_grad_evals_per_step,stream_len,cumulative_runtime_s,section,peak_python_traced_mem_MB,static_ema_MB,static_particles_MB,static_deviations_MB,static_BxB_MB,static_solve_MB,static_total_MB,kind,metric,mean,std,mean_difference,std_difference,paired_t_p,wilcoxon_p,paired_t_p_holm,wilcoxon_p_holm,better,shared_from,ess_over_N,entropy_norm,max_weight,particle_spread,unique_ancestor_rate_all,unique_ancestor_rate_resampled,resample_rate,sigma_cd,f1_mean,f1_std,rho_q50,rho_q90,rho_q99,rho_max,P_rho_gt_0.9,P_rho_gt_0.99,clip_count,wspf_b_actual_clip_rate,nonfinite,rho_ge_0.999_count,wspf_a_rho_threshold_exceedance_rate
email,WSPF-A,833,100,0.416785,0.00981769,0.136283,0.0110047,8.50589,0.200363,8.26801,0.50164,62.7123,3.84921,61.0535,1.76445e+16,0.148707,0/10,10,applicability,,,,,,,,,,,,,,,,,,,,,,,,,,,,,,,,,,,,,,,,,,,,,,,
email,WSPF-B,833,100,0.995899,0.000257513,0.00399759,0.000141003,20.3246,0.00525541,20.2819,0.191634,5090.74,185.096,5080.22,5.05771e+89,0.148707,0/10,10,applicability,,,,,,,,,,,,,,,,,,,,,,,,,,,,,,,,,,,,,,,,,,,,,,,
,PF,,25,,,,,,,,,,,,,,,,compute_cost,None,3.61328,0.469699,25,,,,,,,,,,,,,,,,,,,,,,,,,,,,,,,,,,,,,,,,,,,
,PF,,50,,,,,,,,,,,,,,,,compute_cost,None,6.27946,0.896369,50,,,,,,,,,,,,,,,,,,,,,,,,,,,,,,,,,,,,,,,,,,,
,PF,,100,,,,,,,,,,,,,,,,compute_cost,None,11.6501,1.61935,100,,,,,,,,,,,,,,,,,,,,,,,,,,,,,,,,,,,,,,,,,,,
,PF,,200,,,,,,,,,,,,,,,,compute_cost,None,22.1322,3.06234,200,,,,,,,,,,,,,,,,,,,,,,,,,,,,,,,,,,,,,,,,,,,
,PF,,400,,,,,,,,,,,,,,,,compute_cost,None,42.1553,5.88334,400,,,,,,,,,,,,,,,,,,,,,,,,,,,,,,,,,,,,,,,,,,,
,WSPF-A,,25,,,,,,,,,,,,,,,,compute_cost,None,9.50559,6.19395,400,,,,,,,,,,,,,,,,,,,,,,,,,,,,,,,,,,,,,,,,,,,
,WSPF-A,,50,,,,,,,,,,,,,,,,compute_cost,None,18.2777,12.1885,800,,,,,,,,,,,,,,,,,,,,,,,,,,,,,,,,,,,,,,,,,,,
,WSPF-A,,100,,,,,,,,,,,,,,,,compute_cost,None,46.4843,31.7224,1600,,,,,,,,,,,,,,,,,,,,,,,,,,,,,,,,,,,,,,,,,,,
,WSPF-A,,200,,,,,,,,,,,,,,,,compute_cost,None,102.554,71.381,3200,,,,,,,,,,,,,,,,,,,,,,,,,,,,,,,,,,,,,,,,,,,
,WSPF-A,,400,,,,,,,,,,,,,,,,compute_cost,None,227.366,154.547,6400,,,,,,,,,,,,,,,,,,,,,,,,,,,,,,,,,,,,,,,,,,,
,WSPF-B,,25,,,,,,,,,,,,,,,,compute_cost,None,4.93993,1.6028,400,,,,,,,,,,,,,,,,,,,,,,,,,,,,,,,,,,,,,,,,,,,
,WSPF-B,,50,,,,,,,,,,,,,,,,compute_cost,None,8.80275,3.07173,800,,,,,,,,,,,,,,,,,,,,,,,,,,,,,,,,,,,,,,,,,,,
,WSPF-B,,100,,,,,,,,,,,,,,,,compute_cost,None,22.2484,9.07868,1600,,,,,,,,,,,,,,,,,,,,,,,,,,,,,,,,,,,,,,,,,,,
,WSPF-B,,200,,,,,,,,,,,,,,,,compute_cost,None,57.8092,28.9548,3200,,,,,,,,,,,,,,,,,,,,,,,,,,,,,,,,,,,,,,,,,,,
,WSPF-B,,400,,,,,,,,,,,,,,,,compute_cost,None,129.417,59.445,6400,,,,,,,,,,,,,,,,,,,,,,,,,,,,,,,,,,,,,,,,,,,
,PF,,100,,,,,,,,,,,,,,,,compute_cost,None,,,,all,1.08217,,,,,,,,,,,,,,,,,,,,,,,,,,,,,,,,,,,,,,,,,
,WSPF-A,,100,,,,,,,,,,,,,,,,compute_cost,None,,,,all,4.06654,,,,,,,,,,,,,,,,,,,,,,,,,,,,,,,,,,,,,,,,,
,WSPF-B,,100,,,,,,,,,,,,,,,,compute_cost,None,,,,all,2.29956,,,,,,,,,,,,,,,,,,,,,,,,,,,,,,,,,,,,,,,,,
,PF,,100,,,,,,,,,,,,,,,,compute_cost,None,,,,,,peak_mem,4.61192,,,,,,,,,,,,,,,,,,,,,,,,,,,,,,,,,,,,,,,
,WSPF-A,,100,,,,,,,,,,,,,,,,compute_cost,None,,,,,,peak_mem,39.3488,0.6664,0.6664,10.6624,0.2048,10.6624,22.8624,,,,,,,,,,,,,,,,,,,,,,,,,,,,,,,,,
,WSPF-B,,100,,,,,,,,,,,,,,,,compute_cost,None,,,,,,peak_mem,34.6807,,,,,,,,,,,,,,,,,,,,,,,,,,,,,,,,,,,,,,,
,SGD,,100,,,,,,,,,,,,,,,10,main,None,,,,,,,,,,,,,,performance,nll,0.385144,0.00621619,,,,,,,,,,,,,,,,,,,,,,,,,,,,,
,SGD,,100,,,,,,,,,,,,,,,10,main,None,,,,,,,,,,,,,,performance,nll_mixture,0.385144,0.00621619,,,,,,,,,,,,,,,,,,,,,,,,,,,,,
,SGD,,100,,,,,,,,,,,,,,,10,main,None,,,,,,,,,,,,,,performance,f1,0.78835,0.00528018,,,,,,,,,,,,,,,,,,,,,,,,,,,,,
,PH-SGD,,100,,,,,,,,,,,,,,,10,main,None,,,,,,,,,,,,,,performance,nll,0.396843,0.0238629,,,,,,,,,,,,,,,,,,,,,,,,,,,,,
,PH-SGD,,100,,,,,,,,,,,,,,,10,main,None,,,,,,,,,,,,,,performance,nll_mixture,0.396843,0.0238629,,,,,,,,,,,,,,,,,,,,,,,,,,,,,
,PH-SGD,,100,,,,,,,,,,,,,,,10,main,None,,,,,,,,,,,,,,performance,f1,0.774958,0.0294332,,,,,,,,,,,,,,,,,,,,,,,,,,,,,
,Window-SGD,,100,,,,,,,,,,,,,,,10,main,None,,,,,,,,,,,,,,performance,nll,0.536186,0.0121654,,,,,,,,,,,,,,,,,,,,,,,,,,,,,
,Window-SGD,,100,,,,,,,,,,,,,,,10,main,None,,,,,,,,,,,,,,performance,nll_mixture,0.536186,0.0121654,,,,,,,,,,,,,,,,,,,,,,,,,,,,,
,Window-SGD,,100,,,,,,,,,,,,,,,10,main,None,,,,,,,,,,,,,,performance,f1,0.79196,0.00568117,,,,,,,,,,,,,,,,,,,,,,,,,,,,,
,PF,,100,,,,,,,,,,,,,,,10,main,None,,,,,,,,,,,,,,performance,nll,0.380457,0.00324091,,,,,,,,,,,,,,,,,,,,,,,,,,,,,
,PF,,100,,,,,,,,,,,,,,,10,main,None,,,,,,,,,,,,,,performance,nll_mixture,0.380457,0.00324091,,,,,,,,,,,,,,,,,,,,,,,,,,,,,
,PF,,100,,,,,,,,,,,,,,,10,main,None,,,,,,,,,,,,,,performance,f1,0.793695,0.00252037,,,,,,,,,,,,,,,,,,,,,,,,,,,,,
,PF,,100,,,,,,,,,,,,,,,10,main,None,,,,,,,,,,,,,,diagnostic,ess_over_N,0.741004,0.0383294,,,,,,,,,,,,,,,,,,,,,,,,,,,,,
,PF,,100,,,,,,,,,,,,,,,10,main,None,,,,,,,,,,,,,,diagnostic,weight_entropy,4.42026,0.0320713,,,,,,,,,,,,,,,,,,,,,,,,,,,,,
,PF,,100,,,,,,,,,,,,,,,10,main,None,,,,,,,,,,,,,,diagnostic,max_weight,0.0318365,0.00302184,,,,,,,,,,,,,,,,,,,,,,,,,,,,,
,PF,,100,,,,,,,,,,,,,,,10,main,None,,,,,,,,,,,,,,diagnostic,particle_spread,12.9989,4.9325,,,,,,,,,,,,,,,,,,,,,,,,,,,,,
,PF,,100,,,,,,,,,,,,,,,10,main,None,,,,,,,,,,,,,,diagnostic,unique_ancestor_rate_all,0.977315,0.00634958,,,,,,,,,,,,,,,,,,,,,,,,,,,,,
,PF,,100,,,,,,,,,,,,,,,10,main,None,,,,,,,,,,,,,,diagnostic,unique_ancestor_rate_resampled,0.61695,0.0161916,,,,,,,,,,,,,,,,,,,,,,,,,,,,,
,PF,,100,,,,,,,,,,,,,,,10,main,None,,,,,,,,,,,,,,diagnostic,resample_rate,0.0592593,0.0161441,,,,,,,,,,,,,,,,,,,,,,,,,,,,,
,WSPF-A,,100,,,,,,,,,,,,,,,10,main,None,,,,,,,,,,,,,,performance,nll,0.431313,0.0180131,,,,,,,,,,,,,,,,,,,,,,,,,,,,,
,WSPF-A,,100,,,,,,,,,,,,,,,10,main,None,,,,,,,,,,,,,,performance,nll_mixture,0.431313,0.0180131,,,,,,,,,,,,,,,,,,,,,,,,,,,,,
,WSPF-A,,100,,,,,,,,,,,,,,,10,main,None,,,,,,,,,,,,,,performance,f1,0.77038,0.0147517,,,,,,,,,,,,,,,,,,,,,,,,,,,,,
,WSPF-A,,100,,,,,,,,,,,,,,,10,main,None,,,,,,,,,,,,,,diagnostic,ess_over_N,0.0191718,0.000987369,,,,,,,,,,,,,,,,,,,,,,,,,,,,,
,WSPF-A,,100,,,,,,,,,,,,,,,10,main,None,,,,,,,,,,,,,,diagnostic,weight_entropy,0.715568,0.0722224,,,,,,,,,,,,,,,,,,,,,,,,,,,,,
,WSPF-A,,100,,,,,,,,,,,,,,,10,main,None,,,,,,,,,,,,,,diagnostic,max_weight,0.75188,0.0290095,,,,,,,,,,,,,,,,,,,,,,,,,,,,,
,WSPF-A,,100,,,,,,,,,,,,,,,10,main,None,,,,,,,,,,,,,,diagnostic,particle_spread,0.794692,0.0634743,,,,,,,,,,,,,,,,,,,,,,,,,,,,,
,WSPF-A,,100,,,,,,,,,,,,,,,10,main,None,,,,,,,,,,,,,,diagnostic,unique_ancestor_rate_all,0.0512222,0.00417074,,,,,,,,,,,,,,,,,,,,,,,,,,,,,
,WSPF-A,,100,,,,,,,,,,,,,,,10,main,None,,,,,,,,,,,,,,diagnostic,unique_ancestor_rate_resampled,0.0512222,0.00417074,,,,,,,,,,,,,,,,,,,,,,,,,,,,,
,WSPF-A,,100,,,,,,,,,,,,,,,10,main,None,,,,,,,,,,,,,,diagnostic,resample_rate,1,0,,,,,,,,,,,,,,,,,,,,,,,,,,,,,
,WSPF-B,,100,,,,,,,,,,,,,,,10,main,None,,,,,,,,,,,,,,performance,nll,0.350048,0.00696272,,,,,,,,,,,,,,,,,,,,,,,,,,,,,
,WSPF-B,,100,,,,,,,,,,,,,,,10,main,None,,,,,,,,,,,,,,performance,nll_mixture,0.350048,0.00696272,,,,,,,,,,,,,,,,,,,,,,,,,,,,,
,WSPF-B,,100,,,,,,,,,,,,,,,10,main,None,,,,,,,,,,,,,,performance,f1,0.815769,0.00733458,,,,,,,,,,,,,,,,,,,,,,,,,,,,,
,WSPF-B,,100,,,,,,,,,,,,,,,10,main,None,,,,,,,,,,,,,,diagnostic,ess_over_N,0.0120058,0.000399196,,,,,,,,,,,,,,,,,,,,,,,,,,,,,
,WSPF-B,,100,,,,,,,,,,,,,,,10,main,None,,,,,,,,,,,,,,diagnostic,weight_entropy,0.194138,0.0354187,,,,,,,,,,,,,,,,,,,,,,,,,,,,,
,WSPF-B,,100,,,,,,,,,,,,,,,10,main,None,,,,,,,,,,,,,,diagnostic,max_weight,0.922342,0.0171648,,,,,,,,,,,,,,,,,,,,,,,,,,,,,
,WSPF-B,,100,,,,,,,,,,,,,,,10,main,None,,,,,,,,,,,,,,diagnostic,particle_spread,0.00094033,2.98874e-05,,,,,,,,,,,,,,,,,,,,,,,,,,,,,
,WSPF-B,,100,,,,,,,,,,,,,,,10,main,None,,,,,,,,,,,,,,diagnostic,unique_ancestor_rate_all,0.0175185,0.00107088,,,,,,,,,,,,,,,,,,,,,,,,,,,,,
,WSPF-B,,100,,,,,,,,,,,,,,,10,main,None,,,,,,,,,,,,,,diagnostic,unique_ancestor_rate_resampled,0.0175185,0.00107088,,,,,,,,,,,,,,,,,,,,,,,,,,,,,
,WSPF-B,,100,,,,,,,,,,,,,,,10,main,None,,,,,,,,,,,,,,diagnostic,resample_rate,1,0,,,,,,,,,,,,,,,,,,,,,,,,,,,,,
,SGD_vs_PH-SGD,,100,,,,,,,,,,,,,,,10,main,None,,,,,,,,,,,,,,paired,f1_paired,,,0.0133921,0.0284215,0.170398,0.179712,0.681592,0.71885,SGD,,,,,,,,,,,,,,,,,,,,,,
,SGD_vs_Window-SGD,,100,,,,,,,,,,,,,,,10,main,None,,,,,,,,,,,,,,paired,f1_paired,,,-0.00361015,0.00936443,0.253788,0.232422,0.761363,0.71885,Window-SGD,,,,,,,,,,,,,,,,,,,,,,
,SGD_vs_PF,,100,,,,,,,,,,,,,,,10,main,None,,,,,,,,,,,,,,paired,f1_paired,,,-0.00534573,0.00716141,0.0425647,0.0273438,0.297953,0.191406,PF,,,,,,,,,,,,,,,,,,,,,,
,SGD_vs_WSPF-A,,100,,,,,,,,,,,,,,,10,main,None,,,,,,,,,,,,,,paired,f1_paired,,,0.0179701,0.01474,0.00387501,0.00585938,0.0310001,0.046875,SGD,,,,,,,,,,,,,,,,,,,,,,
,SGD_vs_WSPF-B,,100,,,,,,,,,,,,,,,10,main,None,,,,,,,,,,,,,,paired,f1_paired,,,-0.0274196,0.00935894,6.73108e-06,0.00195312,0.000100966,0.0292969,WSPF-B,,,,,,,,,,,,,,,,,,,,,,
,PH-SGD_vs_Window-SGD,,100,,,,,,,,,,,,,,,10,main,None,,,,,,,,,,,,,,paired,f1_paired,,,-0.0170022,0.0302653,0.109382,0.105469,0.563512,0.527344,Window-SGD,,,,,,,,,,,,,,,,,,,,,,
,PH-SGD_vs_PF,,100,,,,,,,,,,,,,,,10,main,None,,,,,,,,,,,,,,paired,f1_paired,,,-0.0187378,0.0316438,0.0939186,0.0273438,0.563512,0.191406,PF,,,,,,,,,,,,,,,,,,,,,,
,PH-SGD_vs_WSPF-A,,100,,,,,,,,,,,,,,,10,main,None,,,,,,,,,,,,,,paired,f1_paired,,,0.00457802,0.027171,0.607069,0.431641,0.761363,0.863281,PH-SGD,,,,,,,,,,,,,,,,,,,,,,
,PH-SGD_vs_WSPF-B,,100,,,,,,,,,,,,,,,10,main,None,,,,,,,,,,,,,,paired,f1_paired,,,-0.0408117,0.0302992,0.00211289,0.00195312,0.0211289,0.0292969,WSPF-B,,,,,,,,,,,,,,,,,,,,,,
,Window-SGD_vs_PF,,100,,,,,,,,,,,,,,,10,main,None,,,,,,,,,,,,,,paired,f1_paired,,,-0.00173558,0.00576765,0.366164,0.431641,0.761363,0.863281,PF,,,,,,,,,,,,,,,,,,,,,,
,Window-SGD_vs_WSPF-A,,100,,,,,,,,,,,,,,,10,main,None,,,,,,,,,,,,,,paired,f1_paired,,,0.0215802,0.0166113,0.00264404,0.00390625,0.0237964,0.0390625,Window-SGD,,,,,,,,,,,,,,,,,,,,,,
,Window-SGD_vs_WSPF-B,,100,,,,,,,,,,,,,,,10,main,None,,,,,,,,,,,,,,paired,f1_paired,,,-0.0238094,0.00948638,2.358e-05,0.00195312,0.00028296,0.0292969,WSPF-B,,,,,,,,,,,,,,,,,,,,,,
,PF_vs_WSPF-A,,100,,,,,,,,,,,,,,,10,main,None,,,,,,,,,,,,,,paired,f1_paired,,,0.0233158,0.0154953,0.00103213,0.00390625,0.0113534,0.0390625,PF,,,,,,,,,,,,,,,,,,,,,,
,PF_vs_WSPF-B,,100,,,,,,,,,,,,,,,10,main,None,,,,,,,,,,,,,,paired,f1_paired,,,-0.0220739,0.00860375,1.97816e-05,0.00195312,0.000257161,0.0292969,WSPF-B,,,,,,,,,,,,,,,,,,,,,,
,WSPF-A_vs_WSPF-B,,100,,,,,,,,,,,,,,,10,main,None,,,,,,,,,,,,,,paired,f1_paired,,,-0.0453897,0.0156331,7.2494e-06,0.00195312,0.000101492,0.0292969,WSPF-B,,,,,,,,,,,,,,,,,,,,,,
,SGD_vs_PH-SGD,,100,,,,,,,,,,,,,,,10,main,None,,,,,,,,,,,,,,paired,nll_paired,,,-0.0116986,0.0246903,0.168276,0.179712,0.193869,0.210938,SGD,,,,,,,,,,,,,,,,,,,,,,
,SGD_vs_Window-SGD,,100,,,,,,,,,,,,,,,10,main,None,,,,,,,,,,,,,,paired,nll_paired,,,-0.151043,0.0155606,2.02457e-10,0.00195312,2.63194e-09,0.0292969,SGD,,,,,,,,,,,,,,,,,,,,,,
,SGD_vs_PF,,100,,,,,,,,,,,,,,,10,main,None,,,,,,,,,,,,,,paired,nll_paired,,,0.00468705,0.00773634,0.0876356,0.105469,0.193869,0.210938,PF,,,,,,,,,,,,,,,,,,,,,,
,SGD_vs_WSPF-A,,100,,,,,,,,,,,,,,,10,main,None,,,,,,,,,,,,,,paired,nll_paired,,,-0.0461693,0.0217178,8.62893e-05,0.00195312,0.000517736,0.0292969,SGD,,,,,,,,,,,,,,,,,,,,,,
,SGD_vs_WSPF-B,,100,,,,,,,,,,,,,,,10,main,None,,,,,,,,,,,,,,paired,nll_paired,,,0.0350963,0.010077,1.59324e-06,0.00195312,1.43392e-05,0.0292969,WSPF-B,,,,,,,,,,,,,,,,,,,,,,
,PH-SGD_vs_Window-SGD,,100,,,,,,,,,,,,,,,10,main,None,,,,,,,,,,,,,,paired,nll_paired,,,-0.139344,0.0274799,6.31078e-08,0.00195312,7.57293e-07,0.0292969,PH-SGD,,,,,,,,,,,,,,,,,,,,,,
,PH-SGD_vs_PF,,100,,,,,,,,,,,,,,,10,main,None,,,,,,,,,,,,,,paired,nll_paired,,,0.0163856,0.0246191,0.0646229,0.0488281,0.193869,0.146484,PF,,,,,,,,,,,,,,,,,,,,,,
,PH-SGD_vs_WSPF-A,,100,,,,,,,,,,,,,,,10,main,None,,,,,,,,,,,,,,paired,nll_paired,,,-0.0344708,0.0252871,0.00195957,0.00585938,0.0078383,0.0292969,PH-SGD,,,,,,,,,,,,,,,,,,,,,,
,PH-SGD_vs_WSPF-B,,100,,,,,,,,,,,,,,,10,main,None,,,,,,,,,,,,,,paired,nll_paired,,,0.0467949,0.0254311,0.000253438,0.00195312,0.00126719,0.0292969,WSPF-B,,,,,,,,,,,,,,,,,,,,,,
,Window-SGD_vs_PF,,100,,,,,,,,,,,,,,,10,main,None,,,,,,,,,,,,,,paired,nll_paired,,,0.15573,0.0112591,8.5259e-12,0.00195312,1.27889e-10,0.0292969,PF,,,,,,,,,,,,,,,,,,,,,,
,Window-SGD_vs_WSPF-A,,100,,,,,,,,,,,,,,,10,main,None,,,,,,,,,,,,,,paired,nll_paired,,,0.104873,0.0255529,3.93852e-07,0.00195312,3.93852e-06,0.0292969,WSPF-A,,,,,,,,,,,,,,,,,,,,,,
,Window-SGD_vs_WSPF-B,,100,,,,,,,,,,,,,,,10,main,None,,,,,,,,,,,,,,paired,nll_paired,,,0.186139,0.0184407,1.42796e-10,0.00195312,1.99914e-09,0.0292969,WSPF-B,,,,,,,,,,,,,,,,,,,,,,
,PF_vs_WSPF-A,,100,,,,,,,,,,,,,,,10,main,None,,,,,,,,,,,,,,paired,nll_paired,,,-0.0508564,0.0194653,1.70955e-05,0.00195312,0.000119669,0.0292969,PF,,,,,,,,,,,,,,,,,,,,,,
,PF_vs_WSPF-B,,100,,,,,,,,,,,,,,,10,main,None,,,,,,,,,,,,,,paired,nll_paired,,,0.0304092,0.010238,6.0127e-06,0.00195312,4.81016e-05,0.0292969,WSPF-B,,,,,,,,,,,,,,,,,,,,,,
,WSPF-A_vs_WSPF-B,,100,,,,,,,,,,,,,,,10,main,None,,,,,,,,,,,,,,paired,nll_paired,,,0.0812656,0.0185685,2.26515e-07,0.00195312,2.49166e-06,0.0292969,WSPF-B,,,,,,,,,,,,,,,,,,,,,,
,SGD_vs_PH-SGD,,100,,,,,,,,,,,,,,,10,main,None,,,,,,,,,,,,,,paired,nll_mixture_paired,,,-0.0116986,0.0246903,0.168276,0.179712,0.193869,0.210938,SGD,,,,,,,,,,,,,,,,,,,,,,
,SGD_vs_Window-SGD,,100,,,,,,,,,,,,,,,10,main,None,,,,,,,,,,,,,,paired,nll_mixture_paired,,,-0.151043,0.0155606,2.02457e-10,0.00195312,2.63194e-09,0.0292969,SGD,,,,,,,,,,,,,,,,,,,,,,
,SGD_vs_PF,,100,,,,,,,,,,,,,,,10,main,None,,,,,,,,,,,,,,paired,nll_mixture_paired,,,0.00468705,0.00773634,0.0876356,0.105469,0.193869,0.210938,PF,,,,,,,,,,,,,,,,,,,,,,
,SGD_vs_WSPF-A,,100,,,,,,,,,,,,,,,10,main,None,,,,,,,,,,,,,,paired,nll_mixture_paired,,,-0.0461693,0.0217178,8.62893e-05,0.00195312,0.000517736,0.0292969,SGD,,,,,,,,,,,,,,,,,,,,,,
,SGD_vs_WSPF-B,,100,,,,,,,,,,,,,,,10,main,None,,,,,,,,,,,,,,paired,nll_mixture_paired,,,0.0350963,0.010077,1.59324e-06,0.00195312,1.43392e-05,0.0292969,WSPF-B,,,,,,,,,,,,,,,,,,,,,,
,PH-SGD_vs_Window-SGD,,100,,,,,,,,,,,,,,,10,main,None,,,,,,,,,,,,,,paired,nll_mixture_paired,,,-0.139344,0.0274799,6.31078e-08,0.00195312,7.57293e-07,0.0292969,PH-SGD,,,,,,,,,,,,,,,,,,,,,,
,PH-SGD_vs_PF,,100,,,,,,,,,,,,,,,10,main,None,,,,,,,,,,,,,,paired,nll_mixture_paired,,,0.0163856,0.0246191,0.0646229,0.0488281,0.193869,0.146484,PF,,,,,,,,,,,,,,,,,,,,,,
,PH-SGD_vs_WSPF-A,,100,,,,,,,,,,,,,,,10,main,None,,,,,,,,,,,,,,paired,nll_mixture_paired,,,-0.0344708,0.0252871,0.00195957,0.00585938,0.0078383,0.0292969,PH-SGD,,,,,,,,,,,,,,,,,,,,,,
,PH-SGD_vs_WSPF-B,,100,,,,,,,,,,,,,,,10,main,None,,,,,,,,,,,,,,paired,nll_mixture_paired,,,0.0467949,0.0254311,0.000253438,0.00195312,0.00126719,0.0292969,WSPF-B,,,,,,,,,,,,,,,,,,,,,,
,Window-SGD_vs_PF,,100,,,,,,,,,,,,,,,10,main,None,,,,,,,,,,,,,,paired,nll_mixture_paired,,,0.15573,0.0112591,8.5259e-12,0.00195312,1.27889e-10,0.0292969,PF,,,,,,,,,,,,,,,,,,,,,,
,Window-SGD_vs_WSPF-A,,100,,,,,,,,,,,,,,,10,main,None,,,,,,,,,,,,,,paired,nll_mixture_paired,,,0.104873,0.0255529,3.93852e-07,0.00195312,3.93852e-06,0.0292969,WSPF-A,,,,,,,,,,,,,,,,,,,,,,
,Window-SGD_vs_WSPF-B,,100,,,,,,,,,,,,,,,10,main,None,,,,,,,,,,,,,,paired,nll_mixture_paired,,,0.186139,0.0184407,1.42796e-10,0.00195312,1.99914e-09,0.0292969,WSPF-B,,,,,,,,,,,,,,,,,,,,,,
,PF_vs_WSPF-A,,100,,,,,,,,,,,,,,,10,main,None,,,,,,,,,,,,,,paired,nll_mixture_paired,,,-0.0508564,0.0194653,1.70955e-05,0.00195312,0.000119669,0.0292969,PF,,,,,,,,,,,,,,,,,,,,,,
,PF_vs_WSPF-B,,100,,,,,,,,,,,,,,,10,main,None,,,,,,,,,,,,,,paired,nll_mixture_paired,,,0.0304092,0.010238,6.0127e-06,0.00195312,4.81016e-05,0.0292969,WSPF-B,,,,,,,,,,,,,,,,,,,,,,
,WSPF-A_vs_WSPF-B,,100,,,,,,,,,,,,,,,10,main,None,,,,,,,,,,,,,,paired,nll_mixture_paired,,,0.0812656,0.0185685,2.26515e-07,0.00195312,2.49166e-06,0.0292969,WSPF-B,,,,,,,,,,,,,,,,,,,,,,
,PF,,,,,,,,,,,,,,,,,,matched_hp,None,,,,,,,,,,,,,,,f1,0.793695,0.00252037,,,,,,,,PF,,,,,,,,,,,,,,,,,,,,,
,WSPF-A,,,,,,,,,,,,,,,,,,matched_hp,None,,,,,,,,,,,,,,,f1,0.787817,0.00600812,,,,,,,,PF,,,,,,,,,,,,,,,,,,,,,
,WSPF-B,,,,,,,,,,,,,,,,,,matched_hp,None,,,,,,,,,,,,,,,f1,0.787828,0.0064839,,,,,,,,PF,,,,,,,,,,,,,,,,,,,,,
,PF,,,,,,,,,,,,,,,,,,matched_hp,None,,,,,,,,,,,,,,,f1,0.801936,0.00622185,,,,,,,,WSPF-A,,,,,,,,,,,,,,,,,,,,,
,WSPF-A,,,,,,,,,,,,,,,,,,matched_hp,None,,,,,,,,,,,,,,,f1,0.77038,0.0147517,,,,,,,,WSPF-A,,,,,,,,,,,,,,,,,,,,,
,WSPF-B,,,,,,,,,,,,,,,,,,matched_hp,None,,,,,,,,,,,,,,,f1,0.789975,0.00980701,,,,,,,,WSPF-A,,,,,,,,,,,,,,,,,,,,,
,PF,,,,,,,,,,,,,,,,,,matched_hp,None,,,,,,,,,,,,,,,f1,0.818436,0.00325502,,,,,,,,WSPF-B,,,,,,,,,,,,,,,,,,,,,
,WSPF-A,,,,,,,,,,,,,,,,,,matched_hp,None,,,,,,,,,,,,,,,f1,0.817644,0.00379212,,,,,,,,WSPF-B,,,,,,,,,,,,,,,,,,,,,
,WSPF-B,,,,,,,,,,,,,,,,,,matched_hp,None,,,,,,,,,,,,,,,f1,0.815769,0.00733458,,,,,,,,WSPF-B,,,,,,,,,,,,,,,,,,,,,
,PF,,25,,,,,,,,,,,,,,,,n_sweep,None,3.67997,,,,,,,,,,,,,,f1,0.791353,0.00309191,,,,,,,,,0.741324,0.939097,0.100983,9.47185,0.981185,0.594,0.0462963,,,,,,,,,,,,,,
,PF,,50,,,,,,,,,,,,,,,,n_sweep,None,6.35478,,,,,,,,,,,,,,f1,0.790643,0.00378434,,,,,,,,,0.733498,0.94784,0.0571075,13.892,0.979,0.606,0.0537037,,,,,,,,,,,,,,
,PF,,100,,,,,,,,,,,,,,,,n_sweep,None,11.739,,,,,,,,,,,,,,f1,0.793695,0.00252037,,,,,,,,,0.741004,0.959848,0.0318365,12.9989,0.977315,0.61695,0.0592593,,,,,,,,,,,,,,
,PF,,200,,,,,,,,,,,,,,,,n_sweep,None,22.5772,,,,,,,,,,,,,,f1,0.79277,0.00257505,,,,,,,,,0.751194,0.967581,0.0173998,16.2556,0.973278,0.619225,0.0703704,,,,,,,,,,,,,,
,PF,,400,,,,,,,,,,,,,,,,n_sweep,None,45.0485,,,,,,,,,,,,,,f1,0.793479,0.00262339,,,,,,,,,0.733251,0.968656,0.0101151,18.1718,0.971514,0.615383,0.0740741,,,,,,,,,,,,,,
,WSPF-A,,25,,,,,,,,,,,,,,,,n_sweep,None,11.0317,,,,,,,,,,,,,,f1,0.773332,0.0146112,,,,,,,,,0.0616244,0.152331,0.823178,0.682819,0.10437,0.10437,1,,,,,,,,,,,,,,
,WSPF-A,,50,,,,,,,,,,,,,,,,n_sweep,None,24.3335,,,,,,,,,,,,,,f1,0.77972,0.010233,,,,,,,,,0.0348752,0.159497,0.781859,0.748797,0.0744074,0.0744074,1,,,,,,,,,,,,,,
,WSPF-A,,100,,,,,,,,,,,,,,,,n_sweep,None,57.2368,,,,,,,,,,,,,,f1,0.77038,0.0147517,,,,,,,,,0.0191718,0.155384,0.75188,0.794692,0.0512222,0.0512222,1,,,,,,,,,,,,,,
,WSPF-A,,200,,,,,,,,,,,,,,,,n_sweep,None,115.891,,,,,,,,,,,,,,f1,0.774789,0.0107278,,,,,,,,,0.00993917,0.143129,0.744316,0.816189,0.0345741,0.0345741,1,,,,,,,,,,,,,,
,WSPF-A,,400,,,,,,,,,,,,,,,,n_sweep,None,243.921,,,,,,,,,,,,,,f1,0.767424,0.0143888,,,,,,,,,0.00537254,0.141753,0.722174,0.833194,0.0254444,0.0254444,1,,,,,,,,,,,,,,
,WSPF-B,,25,,,,,,,,,,,,,,,,n_sweep,None,5.85517,,,,,,,,,,,,,,f1,0.81957,0.00839083,,,,,,,,,0.0463477,0.0496666,0.936758,0.000892186,0.0582963,0.0582963,1,,,,,,,,,,,,,,
,WSPF-B,,50,,,,,,,,,,,,,,,,n_sweep,None,14.6269,,,,,,,,,,,,,,f1,0.816088,0.00547836,,,,,,,,,0.0238271,0.0489816,0.924935,0.000928667,0.0332963,0.0332963,1,,,,,,,,,,,,,,
,WSPF-B,,100,,,,,,,,,,,,,,,,n_sweep,None,33.8077,,,,,,,,,,,,,,f1,0.815769,0.00733458,,,,,,,,,0.0120058,0.0421566,0.922342,0.00094033,0.0175185,0.0175185,1,,,,,,,,,,,,,,
,WSPF-B,,200,,,,,,,,,,,,,,,,n_sweep,None,70.5469,,,,,,,,,,,,,,f1,0.81114,0.00802822,,,,,,,,,0.00613475,0.0416679,0.912771,0.000965077,0.0103241,0.0103241,1,,,,,,,,,,,,,,
,WSPF-B,,400,,,,,,,,,,,,,,,,n_sweep,None,139.336,,,,,,,,,,,,,,f1,0.809045,0.0125933,,,,,,,,,0.00308045,0.0384259,0.912323,0.00096794,0.00591667,0.00591667,1,,,,,,,,,,,,,,
,PF,,,,,,,,,,,,,,,,,,qcd_sweep,None,,,,,,,,,,,,,,,,,,,,,,,,,,0.75416,,,,,,0.0259259,0.001,0.794025,0.00285781,None,None,None,None,None,None,None,None,None,,
,PF,,,,,,,,,,,,,,,,,,qcd_sweep,None,,,,,,,,,,,,,,,,,,,,,,,,,,0.741004,,,,,,0.0592593,0.005,0.793695,0.00252037,None,None,None,None,None,None,None,None,None,,
,PF,,,,,,,,,,,,,,,,,,qcd_sweep,None,,,,,,,,,,,,,,,,,,,,,,,,,,0.705213,,,,,,0.101852,0.01,0.792865,0.00400632,None,None,None,None,None,None,None,None,None,,
,PF,,,,,,,,,,,,,,,,,,qcd_sweep,None,,,,,,,,,,,,,,,,,,,,,,,,,,0.663614,,,,,,0.209259,0.025,0.795624,0.00608401,None,None,None,None,None,None,None,None,None,,
,PF,,,,,,,,,,,,,,,,,,qcd_sweep,None,,,,,,,,,,,,,,,,,,,,,,,,,,0.600032,,,,,,0.348148,0.05,0.773227,0.0126007,None,None,None,None,None,None,None,None,None,,
,PF,,,,,,,,,,,,,,,,,,qcd_sweep,None,,,,,,,,,,,,,,,,,,,,,,,,,,0.538746,,,,,,0.440741,0.075,0.743955,0.0104095,None,None,None,None,None,None,None,None,None,,
,PF,,,,,,,,,,,,,,,,,,qcd_sweep,None,,,,,,,,,,,,,,,,,,,,,,,,,,0.47407,,,,,,0.564815,0.1,0.716606,0.0157765,None,None,None,None,None,None,None,None,None,,
,PF,,,,,,,,,,,,,,,,,,qcd_sweep,None,,,,,,,,,,,,,,,,,,,,,,,,,,0.415858,,,,,,0.651852,0.125,0.694285,0.0192198,None,None,None,None,None,None,None,None,None,,
,PF,,,,,,,,,,,,,,,,,,qcd_sweep,None,,,,,,,,,,,,,,,,,,,,,,,,,,0.359418,,,,,,0.774074,0.15,0.673748,0.028523,None,None,None,None,None,None,None,None,None,,
,PF,,,,,,,,,,,,,,,,,,qcd_sweep,None,,,,,,,,,,,,,,,,,,,,,,,,,,0.309524,,,,,,0.862963,0.175,0.656459,0.0296843,None,None,None,None,None,None,None,None,None,,
,PF,,,,,,,,,,,,,,,,,,qcd_sweep,None,,,,,,,,,,,,,,,,,,,,,,,,,,0.277098,,,,,,0.925926,0.2,0.660668,0.0308352,None,None,None,None,None,None,None,None,None,,
,WSPF-A,,,,,,,,,,,,,,,,,,qcd_sweep,None,,,,,,,,,,,,,,,,,,,,,,,,,,0.0104532,,,,,,1,0.001,0.817644,0.00379212,0.99687,0.998564,0.999446,0.999446,1,0.957407,,,0,230,0.0425926
,WSPF-A,,,,,,,,,,,,,,,,,,qcd_sweep,None,,,,,,,,,,,,,,,,,,,,,,,,,,0.0123481,,,,,,1,0.005,0.812647,0.00829703,0.927998,0.965338,0.986979,0.987001,0.7185,0,,,0,0,0
,WSPF-A,,,,,,,,,,,,,,,,,,qcd_sweep,None,,,,,,,,,,,,,,,,,,,,,,,,,,0.0139164,,,,,,1,0.01,0.802965,0.00559463,0.77142,0.876681,0.953806,0.954294,0.0720556,0,,,0,0,0
,WSPF-A,,,,,,,,,,,,,,,,,,qcd_sweep,None,,,,,,,,,,,,,,,,,,,,,,,,,,0.0191718,,,,,,1,0.025,0.77038,0.0147517,0.422534,0.591226,0.816685,0.819911,0,0,,,0,0,0
,WSPF-A,,,,,,,,,,,,,,,,,,qcd_sweep,None,,,,,,,,,,,,,,,,,,,,,,,,,,0.0267499,,,,,,1,0.05,0.727715,0.0236605,0.175874,0.319337,0.560485,0.591826,0,0,,,0,0,0
,WSPF-A,,,,,,,,,,,,,,,,,,qcd_sweep,None,,,,,,,,,,,,,,,,,,,,,,,,,,0.0337985,,,,,,1,0.075,0.683671,0.029237,0.0942112,0.206075,0.361244,0.402166,0,0,,,0,0,0
,WSPF-A,,,,,,,,,,,,,,,,,,qcd_sweep,None,,,,,,,,,,,,,,,,,,,,,,,,,,0.0403846,,,,,,1,0.1,0.652201,0.0279244,0.0630921,0.152634,0.258308,0.290756,0,0,,,0,0,0
,WSPF-A,,,,,,,,,,,,,,,,,,qcd_sweep,None,,,,,,,,,,,,,,,,,,,,,,,,,,0.0506567,,,,,,1,0.125,0.636294,0.0448088,0.0442837,0.103343,0.197811,0.238477,0,0,,,0,0,0
,WSPF-A,,,,,,,,,,,,,,,,,,qcd_sweep,None,,,,,,,,,,,,,,,,,,,,,,,,,,0.0612877,,,,,,1,0.15,0.648514,0.0238765,0.0339101,0.083596,0.143641,0.186468,0,0,,,0,0,0
,WSPF-A,,,,,,,,,,,,,,,,,,qcd_sweep,None,,,,,,,,,,,,,,,,,,,,,,,,,,0.0739027,,,,,,1,0.175,0.636117,0.0268936,0.0269403,0.0611085,0.132965,0.17415,0,0,,,0,0,0
,WSPF-A,,,,,,,,,,,,,,,,,,qcd_sweep,None,,,,,,,,,,,,,,,,,,,,,,,,,,0.0862067,,,,,,1,0.2,0.621357,0.0196375,0.022544,0.055158,0.105088,0.125682,0,0,,,0,0,0
,WSPF-B,,,,,,,,,,,,,,,,,,qcd_sweep,None,,,,,,,,,,,,,,,,,,,,,,,,,,0.0120058,,,,,,1,0.001,0.815769,0.00733458,0.99677,0.998535,0.999,0.999,1,0.938889,210,0.0388889,0,,
,WSPF-B,,,,,,,,,,,,,,,,,,qcd_sweep,None,,,,,,,,,,,,,,,,,,,,,,,,,,0.0121803,,,,,,1,0.005,0.814519,0.0101063,0.925553,0.964678,0.986681,0.986747,0.678,0,0,0,0,,
,WSPF-B,,,,,,,,,,,,,,,,,,qcd_sweep,None,,,,,,,,,,,,,,,,,,,,,,,,,,0.0129436,,,,,,1,0.01,0.812474,0.010002,0.764929,0.87384,0.951311,0.951438,0.0654259,0,0,0,0,,
,WSPF-B,,,,,,,,,,,,,,,,,,qcd_sweep,None,,,,,,,,,,,,,,,,,,,,,,,,,,0.0200275,,,,,,0.998148,0.025,0.789975,0.00980701,0.379558,0.557873,0.800318,0.80321,0,0,0,0,0,,
,WSPF-B,,,,,,,,,,,,,,,,,,qcd_sweep,None,,,,,,,,,,,,,,,,,,,,,,,,,,0.0495565,,,,,,0.992593,0.05,0.761811,0.0184337,0.148638,0.277895,0.512359,0.536718,0,0,0,0,0,,
,WSPF-B,,,,,,,,,,,,,,,,,,qcd_sweep,None,,,,,,,,,,,,,,,,,,,,,,,,,,0.0827517,,,,,,0.988889,0.075,0.729364,0.0227409,0.0802227,0.169292,0.331502,0.362173,0,0,0,0,0,,
,WSPF-B,,,,,,,,,,,,,,,,,,qcd_sweep,None,,,,,,,,,,,,,,,,,,,,,,,,,,0.114544,,,,,,0.981481,0.1,0.717305,0.0264653,0.0490691,0.109252,0.215822,0.24728,0,0,0,0,0,,
,WSPF-B,,,,,,,,,,,,,,,,,,qcd_sweep,None,,,,,,,,,,,,,,,,,,,,,,,,,,0.136524,,,,,,0.975926,0.125,0.699163,0.0238939,0.0357784,0.0736231,0.151344,0.18998,0,0,0,0,0,,
,WSPF-B,,,,,,,,,,,,,,,,,,qcd_sweep,None,,,,,,,,,,,,,,,,,,,,,,,,,,0.150938,,,,,,0.972222,0.15,0.693275,0.019948,0.0273029,0.0589385,0.113484,0.148939,0,0,0,0,0,,
,WSPF-B,,,,,,,,,,,,,,,,,,qcd_sweep,None,,,,,,,,,,,,,,,,,,,,,,,,,,0.148093,,,,,,0.97037,0.175,0.676936,0.0266845,0.022288,0.0489248,0.0859464,0.126015,0,0,0,0,0,,
,WSPF-B,,,,,,,,,,,,,,,,,,qcd_sweep,None,,,,,,,,,,,,,,,,,,,,,,,,,,0.152526,,,,,,0.987037,0.2,0.664926,0.0331612,0.0180512,0.0378289,0.0699002,0.0934567,0,0,0,0,0,,
